point_x,point_y,field,received_at,anchor,rssi_dbm
0.800,1.600,raw,1781434620.147,anchor_03,-69.000
0.800,1.600,raw,1781434620.166,anchor_04,-75.000
0.800,1.600,raw,1781434620.259,anchor_02,-55.000
0.800,1.600,raw,1781434620.270,anchor_04,-73.000
0.800,1.600,raw,1781434620.270,anchor_04,-75.000
0.800,1.600,raw,1781434620.270,anchor_04,-85.000
0.800,1.600,raw,1781434620.822,anchor_01,-73.000
0.800,1.600,raw,1781434620.996,anchor_03,-68.000
0.800,1.600,raw,1781434621.059,anchor_03,-71.000
0.800,1.600,raw,1781434621.271,anchor_02,-54.000
0.800,1.600,raw,1781434621.276,anchor_04,-73.000
0.800,1.600,raw,1781434621.470,anchor_02,-55.000
0.800,1.600,raw,1781434621.470,anchor_02,-56.000
0.800,1.600,raw,1781434621.470,anchor_02,-60.000
0.800,1.600,raw,1781434621.569,anchor_01,-74.000
0.800,1.600,raw,1781434621.569,anchor_01,-71.000
0.800,1.600,raw,1781434622.010,anchor_03,-69.000
0.800,1.600,raw,1781434622.323,anchor_04,-72.000
0.800,1.600,raw,1781434622.386,anchor_02,-60.000
0.800,1.600,raw,1781434622.695,anchor_02,-54.000
0.800,1.600,raw,1781434622.898,anchor_01,-74.000
0.800,1.600,raw,1781434623.095,anchor_03,-71.000
0.800,1.600,raw,1781434623.103,anchor_01,-72.000
0.800,1.600,raw,1781434623.301,anchor_03,-70.000
0.800,1.600,raw,1781434623.460,anchor_02,-60.000
0.800,1.600,raw,1781434623.516,anchor_02,-54.000
0.800,1.600,raw,1781434623.516,anchor_02,-55.000
0.800,1.600,raw,1781434623.516,anchor_02,-54.000
0.800,1.600,raw,1781434623.618,anchor_04,-72.000
0.800,1.600,raw,1781434623.972,anchor_01,-72.000
0.800,1.600,raw,1781434624.027,anchor_01,-73.000
0.800,1.600,raw,1781434624.028,anchor_01,-69.000
0.800,1.600,raw,1781434624.166,anchor_03,-70.000
0.800,1.600,raw,1781434624.423,anchor_04,-76.000
0.800,1.600,raw,1781434624.572,anchor_02,-61.000
0.800,1.600,raw,1781434624.641,anchor_02,-54.000
0.800,1.600,raw,1781434624.641,anchor_02,-54.000
0.800,1.600,raw,1781434625.092,anchor_01,-71.000
0.800,1.600,raw,1781434625.185,anchor_03,-70.000
0.800,1.600,raw,1781434625.356,anchor_01,-74.000
0.800,1.600,raw,1781434625.358,anchor_03,-68.000
0.800,1.600,raw,1781434625.359,anchor_03,-70.000
0.800,1.600,raw,1781434625.469,anchor_04,-77.000
0.800,1.600,raw,1781434625.676,anchor_02,-60.000
0.800,1.600,raw,1781434625.870,anchor_02,-54.000
0.800,1.600,raw,1781434626.106,anchor_01,-74.000
0.800,1.600,raw,1781434626.270,anchor_03,-68.000
0.800,1.600,raw,1781434626.416,anchor_03,-71.000
0.800,1.600,raw,1781434626.416,anchor_03,-70.000
0.800,1.600,raw,1781434626.579,anchor_04,-88.000
0.800,1.600,raw,1781434626.764,anchor_02,-100.000
0.800,1.600,raw,1781434627.000,anchor_02,-54.000
0.800,1.600,raw,1781434627.197,anchor_01,-72.000
0.800,1.600,raw,1781434627.336,anchor_01,-69.000
0.800,1.600,raw,1781434627.336,anchor_01,-69.000
0.800,1.600,raw,1781434627.336,anchor_01,-70.000
0.800,1.600,raw,1781434627.398,anchor_03,-70.000
0.800,1.600,raw,1781434628.265,anchor_01,-69.000
0.800,1.600,raw,1781434628.463,anchor_03,-71.000
0.800,1.600,raw,1781434628.518,anchor_03,-70.000
0.800,1.600,raw,1781434628.518,anchor_03,-68.000
0.800,1.600,raw,1781434628.518,anchor_03,-71.000
0.800,1.600,raw,1781434628.633,anchor_04,-88.000
0.800,1.600,raw,1781434628.830,anchor_02,-54.000
0.800,1.600,raw,1781434628.878,anchor_02,-60.000
0.800,1.600,raw,1781434628.878,anchor_02,-60.000
0.800,1.600,raw,1781434629.052,anchor_02,-54.000
0.800,1.600,raw,1781434629.372,anchor_01,-72.000
0.800,1.600,raw,1781434629.453,anchor_01,-69.000
0.800,1.600,raw,1781434629.453,anchor_01,-74.000
0.800,1.600,raw,1781434629.553,anchor_03,-68.000
0.800,1.600,raw,1781434629.649,anchor_04,-76.000
0.800,1.600,raw,1781434629.660,anchor_03,-70.000
0.800,1.600,raw,1781434629.963,anchor_02,-60.000
0.800,1.600,raw,1781434630.588,anchor_03,-68.000
0.800,1.600,raw,1781434631.090,anchor_02,-55.000
0.800,1.600,raw,1781434631.431,anchor_01,-69.000
0.800,1.600,raw,1781434631.493,anchor_01,-71.000
0.800,1.600,raw,1781434631.636,anchor_03,-71.000
0.800,1.600,raw,1781434631.716,anchor_03,-68.000
0.800,1.600,raw,1781434631.716,anchor_03,-69.000
0.800,1.600,raw,1781434631.810,anchor_04,-73.000
0.800,1.600,raw,1781434632.012,anchor_04,-73.000
0.800,1.600,raw,1781434632.034,anchor_02,-54.000
0.800,1.600,raw,1781434632.529,anchor_01,-69.000
0.800,1.600,raw,1781434632.745,anchor_03,-70.000
0.800,1.600,raw,1781434632.751,anchor_01,-71.000
0.800,1.600,raw,1781434632.824,anchor_04,-72.000
0.800,1.600,raw,1781434632.939,anchor_04,-77.000
0.800,1.600,raw,1781434632.939,anchor_04,-73.000
0.800,1.600,raw,1781434633.090,anchor_02,-54.000
0.800,1.600,raw,1781434633.351,anchor_02,-54.000
0.800,1.600,raw,1781434633.351,anchor_02,-54.000
0.800,1.600,raw,1781434633.835,anchor_03,-68.000
0.800,1.600,raw,1781434633.889,anchor_04,-77.000
0.800,1.600,raw,1781434634.063,anchor_03,-68.000
0.800,1.600,raw,1781434634.063,anchor_03,-68.000
0.800,1.600,raw,1781434634.071,anchor_04,-73.000
0.800,1.600,raw,1781434634.204,anchor_02,-55.000
0.800,1.600,raw,1781434634.278,anchor_02,-60.000
0.800,1.600,raw,1781434634.679,anchor_01,-73.000
0.800,1.600,raw,1781434634.872,anchor_03,-71.000
0.800,1.600,raw,1781434634.969,anchor_04,-90.000
0.800,1.600,raw,1781434635.188,anchor_03,-68.000
0.800,1.600,raw,1781434635.190,anchor_04,-77.000
0.800,1.600,raw,1781434635.427,anchor_02,-54.000
0.800,1.600,raw,1781434635.602,anchor_02,-60.000
0.800,1.600,raw,1781434635.691,anchor_01,-74.000
0.800,1.600,raw,1781434635.904,anchor_01,-77.000
0.800,1.600,raw,1781434636.315,anchor_02,-60.000
0.800,1.600,raw,1781434636.517,anchor_02,-54.000
0.800,1.600,raw,1781434636.722,anchor_01,-73.000
0.800,1.600,raw,1781434636.823,anchor_01,-69.000
0.800,1.600,raw,1781434637.001,anchor_03,-71.000
0.800,1.600,raw,1781434637.235,anchor_03,-68.000
0.800,1.600,raw,1781434637.235,anchor_03,-70.000
0.800,1.600,raw,1781434637.387,anchor_02,-60.000
0.800,1.600,raw,1781434638.110,anchor_04,-76.000
0.800,1.600,raw,1781434638.110,anchor_03,-71.000
0.800,1.600,raw,1781434638.157,anchor_03,-68.000
0.800,1.600,raw,1781434638.158,anchor_03,-68.000
0.800,1.600,raw,1781434638.158,anchor_03,-70.000
0.800,1.600,raw,1781434638.499,anchor_02,-54.000
0.800,1.600,raw,1781434638.563,anchor_02,-54.000
0.800,1.600,raw,1781434638.563,anchor_02,-54.000
0.800,1.600,raw,1781434638.855,anchor_01,-75.000
0.800,1.600,raw,1781434639.120,anchor_04,-76.000
0.800,1.600,raw,1781434639.281,anchor_03,-71.000
0.800,1.600,raw,1781434639.287,anchor_04,-76.000
0.800,1.600,raw,1781434639.486,anchor_03,-71.000
0.800,1.600,raw,1781434639.524,anchor_02,-60.000
0.800,1.600,raw,1781434639.696,anchor_02,-54.000
0.800,1.600,raw,1781434639.890,anchor_01,-68.000
0.800,1.600,raw,1781434640.002,anchor_01,-69.000
0.800,1.600,raw,1781434640.002,anchor_01,-75.000
0.800,1.600,raw,1781434640.197,anchor_04,-73.000
0.800,1.600,raw,1781434640.239,anchor_03,-70.000
0.800,1.600,raw,1781434640.411,anchor_03,-68.000
0.800,1.600,raw,1781434640.411,anchor_03,-68.000
0.800,1.600,raw,1781434640.606,anchor_02,-97.000
0.800,1.600,raw,1781434640.720,anchor_02,-60.000
0.800,1.600,raw,1781434640.720,anchor_02,-54.000
0.800,1.600,raw,1781434640.721,anchor_02,-54.000
0.800,1.600,raw,1781434641.272,anchor_04,-94.000
0.800,1.600,raw,1781434641.733,anchor_02,-60.000
0.800,1.600,raw,1781434642.019,anchor_01,-70.000
0.800,1.600,raw,1781434642.080,anchor_01,-74.000
0.800,1.600,raw,1781434642.080,anchor_01,-74.000
0.800,1.600,raw,1781434642.081,anchor_01,-73.000
0.800,1.600,raw,1781434642.286,anchor_04,-76.000
0.800,1.600,raw,1781434642.762,anchor_02,-56.000
0.800,1.600,raw,1781434642.822,anchor_02,-54.000
0.800,1.600,raw,1781434643.130,anchor_01,-69.000
0.800,1.600,raw,1781434643.372,anchor_04,-72.000
0.800,1.600,raw,1781434643.383,anchor_03,-69.000
0.800,1.600,raw,1781434643.596,anchor_03,-68.000
0.800,1.600,raw,1781434643.991,anchor_02,-53.000
0.800,1.600,raw,1781434644.301,anchor_01,-74.000
0.800,1.600,raw,1781434644.498,anchor_03,-68.000
0.800,1.600,raw,1781434644.499,anchor_04,-77.000
0.800,1.600,raw,1781434644.908,anchor_02,-55.000
0.800,1.600,raw,1781434645.627,anchor_03,-70.000
0.800,1.600,raw,1781434645.933,anchor_02,-54.000
0.800,1.600,raw,1781434646.145,anchor_02,-55.000
0.800,1.600,raw,1781434646.145,anchor_02,-55.000
0.800,1.600,raw,1781434646.362,anchor_01,-68.000
0.800,1.600,raw,1781434646.485,anchor_04,-73.000
0.800,1.600,raw,1781434646.543,anchor_01,-74.000
0.800,1.600,raw,1781434646.550,anchor_03,-70.000
0.800,1.600,raw,1781434646.668,anchor_04,-76.000
0.800,1.600,raw,1781434646.669,anchor_04,-74.000
0.800,1.600,raw,1781434646.862,anchor_03,-67.000
0.800,1.600,raw,1781434646.863,anchor_03,-70.000
0.800,1.600,raw,1781434647.058,anchor_02,-54.000
0.800,1.600,raw,1781434647.231,anchor_02,-60.000
0.800,1.600,raw,1781434647.305,anchor_01,-69.000
0.800,1.600,raw,1781434647.477,anchor_01,-69.000
0.800,1.600,raw,1781434647.610,anchor_04,-76.000
0.800,1.600,raw,1781434647.674,anchor_03,-68.000
0.800,1.600,raw,1781434647.682,anchor_04,-72.000
0.800,1.600,raw,1781434647.682,anchor_04,-76.000
0.800,1.600,raw,1781434647.795,anchor_03,-68.000
0.800,1.600,raw,1781434647.795,anchor_03,-68.000
0.800,1.600,raw,1781434648.089,anchor_02,-54.000
0.800,1.600,raw,1781434648.190,anchor_02,-55.000
0.800,1.600,raw,1781434648.395,anchor_01,-70.000
0.800,1.600,raw,1781434648.603,anchor_01,-69.000
0.800,1.600,raw,1781434648.603,anchor_01,-73.000
0.800,1.600,raw,1781434648.604,anchor_01,-69.000
0.800,1.600,raw,1781434648.604,anchor_01,-69.000
0.800,1.600,raw,1781434648.643,anchor_04,-73.000
0.800,1.600,raw,1781434648.738,anchor_03,-71.000
0.800,1.600,raw,1781434648.787,anchor_03,-70.000
0.800,1.600,raw,1781434648.787,anchor_03,-69.000
0.800,1.600,raw,1781434649.720,anchor_04,-89.000
0.800,1.600,raw,1781434649.826,anchor_03,-71.000
0.800,1.600,raw,1781434649.885,anchor_03,-68.000
0.800,1.600,raw,1781434650.198,anchor_02,-54.000
0.800,1.600,raw,1781434650.448,anchor_02,-62.000
0.800,1.600,raw,1781434650.571,anchor_01,-75.000
0.800,1.600,raw,1781434650.654,anchor_01,-74.000
0.800,1.600,raw,1781434650.764,anchor_04,-72.000
0.800,1.600,raw,1781434650.952,anchor_03,-67.000
0.800,1.600,raw,1781434651.322,anchor_02,-54.000
0.800,1.600,raw,1781434651.577,anchor_02,-54.000
0.800,1.600,raw,1781434651.577,anchor_02,-60.000
0.800,1.600,raw,1781434651.577,anchor_02,-59.000
0.800,1.600,raw,1781434651.605,anchor_01,-74.000
0.800,1.600,raw,1781434651.786,anchor_04,-73.000
0.800,1.600,raw,1781434651.889,anchor_04,-76.000
0.800,1.600,raw,1781434651.976,anchor_03,-70.000
0.800,1.600,raw,1781434652.284,anchor_03,-68.000
0.800,1.600,raw,1781434652.284,anchor_03,-68.000
0.800,1.600,raw,1781434652.689,anchor_01,-71.000
0.800,1.600,raw,1781434652.815,anchor_01,-68.000
0.800,1.600,raw,1781434652.815,anchor_01,-73.000
0.800,1.600,raw,1781434652.815,anchor_01,-69.000
0.800,1.600,raw,1781434652.894,anchor_04,-73.000
0.800,1.600,raw,1781434653.407,anchor_02,-62.000
0.800,1.600,raw,1781434653.464,anchor_02,-60.000
0.800,1.600,raw,1781434653.464,anchor_02,-54.000
0.800,1.600,raw,1781434653.769,anchor_01,-68.000
0.800,1.600,raw,1781434653.918,anchor_04,-76.000
0.800,1.600,raw,1781434653.967,anchor_04,-78.000
0.800,1.600,raw,1781434653.967,anchor_04,-73.000
0.800,1.600,raw,1781434654.145,anchor_03,-68.000
0.800,1.600,raw,1781434654.334,anchor_03,-71.000
0.800,1.600,raw,1781434654.334,anchor_03,-66.000
0.800,1.600,raw,1781434654.334,anchor_03,-70.000
0.800,1.600,raw,1781434654.542,anchor_02,-54.000
0.800,1.600,raw,1781434654.679,anchor_02,-56.000
0.800,1.600,raw,1781434654.851,anchor_01,-72.000
0.800,1.600,raw,1781434654.952,anchor_01,-74.000
1.000,3.000,raw,1781434838.996,anchor_01,-60.000
1.000,3.000,raw,1781434839.065,anchor_01,-62.000
1.000,3.000,raw,1781434839.065,anchor_01,-61.000
1.000,3.000,raw,1781434839.268,anchor_04,-73.000
1.000,3.000,raw,1781434839.293,anchor_02,-56.000
1.000,3.000,raw,1781434839.380,anchor_02,-57.000
1.000,3.000,raw,1781434839.380,anchor_02,-67.000
1.000,3.000,raw,1781434840.193,anchor_03,-82.000
1.000,3.000,raw,1781434840.197,anchor_01,-61.000
1.000,3.000,raw,1781434840.298,anchor_04,-75.000
1.000,3.000,raw,1781434840.312,anchor_01,-61.000
1.000,3.000,raw,1781434841.111,anchor_03,-72.000
1.000,3.000,raw,1781434841.145,anchor_01,-62.000
1.000,3.000,raw,1781434841.236,anchor_01,-60.000
1.000,3.000,raw,1781434841.236,anchor_01,-60.000
1.000,3.000,raw,1781434841.237,anchor_01,-62.000
1.000,3.000,raw,1781434841.419,anchor_02,-58.000
1.000,3.000,raw,1781434841.421,anchor_04,-74.000
1.000,3.000,raw,1781434841.469,anchor_02,-57.000
1.000,3.000,raw,1781434841.469,anchor_02,-56.000
1.000,3.000,raw,1781434841.469,anchor_04,-76.000
1.000,3.000,raw,1781434841.522,anchor_02,-57.000
1.000,3.000,raw,1781434842.159,anchor_03,-86.000
1.000,3.000,raw,1781434842.259,anchor_01,-62.000
1.000,3.000,raw,1781434842.452,anchor_04,-77.000
1.000,3.000,raw,1781434842.547,anchor_02,-60.000
1.000,3.000,raw,1781434842.552,anchor_04,-74.000
1.000,3.000,raw,1781434842.552,anchor_04,-76.000
1.000,3.000,raw,1781434842.760,anchor_02,-56.000
1.000,3.000,raw,1781434842.760,anchor_02,-56.000
1.000,3.000,raw,1781434843.203,anchor_03,-96.000
1.000,3.000,raw,1781434843.283,anchor_03,-84.000
1.000,3.000,raw,1781434843.283,anchor_03,-82.000
1.000,3.000,raw,1781434843.283,anchor_03,-91.000
1.000,3.000,raw,1781434843.306,anchor_01,-63.000
1.000,3.000,raw,1781434843.371,anchor_01,-62.000
1.000,3.000,raw,1781434843.506,anchor_04,-76.000
1.000,3.000,raw,1781434843.553,anchor_04,-75.000
1.000,3.000,raw,1781434843.553,anchor_04,-72.000
1.000,3.000,raw,1781434843.663,anchor_02,-60.000
1.000,3.000,raw,1781434843.889,anchor_02,-68.000
1.000,3.000,raw,1781434843.889,anchor_02,-67.000
1.000,3.000,raw,1781434844.330,anchor_03,-91.000
1.000,3.000,raw,1781434844.396,anchor_01,-63.000
1.000,3.000,raw,1781434844.399,anchor_03,-88.000
1.000,3.000,raw,1781434844.508,anchor_01,-59.000
1.000,3.000,raw,1781434844.508,anchor_01,-61.000
1.000,3.000,raw,1781434844.604,anchor_04,-76.000
1.000,3.000,raw,1781434844.818,anchor_02,-56.000
1.000,3.000,raw,1781434845.413,anchor_03,-82.000
1.000,3.000,raw,1781434845.534,anchor_01,-62.000
1.000,3.000,raw,1781434845.711,anchor_04,-73.000
1.000,3.000,raw,1781434845.735,anchor_01,-62.000
1.000,3.000,raw,1781434845.763,anchor_02,-56.000
1.000,3.000,raw,1781434846.280,anchor_04,-73.000
1.000,3.000,raw,1781434846.280,anchor_04,-74.000
1.000,3.000,raw,1781434846.441,anchor_03,-87.000
1.000,3.000,raw,1781434846.539,anchor_01,-60.000
1.000,3.000,raw,1781434846.650,anchor_03,-81.000
1.000,3.000,raw,1781434846.652,anchor_01,-62.000
1.000,3.000,raw,1781434846.744,anchor_04,-75.000
1.000,3.000,raw,1781434846.846,anchor_02,-57.000
1.000,3.000,raw,1781434846.859,anchor_04,-75.000
1.000,3.000,raw,1781434846.859,anchor_04,-72.000
1.000,3.000,raw,1781434847.063,anchor_02,-68.000
1.000,3.000,raw,1781434847.063,anchor_02,-58.000
1.000,3.000,raw,1781434847.612,anchor_01,-62.000
1.000,3.000,raw,1781434847.670,anchor_03,-84.000
1.000,3.000,raw,1781434847.940,anchor_02,-68.000
1.000,3.000,raw,1781434848.181,anchor_04,-75.000
1.000,3.000,raw,1781434848.186,anchor_02,-60.000
1.000,3.000,raw,1781434848.186,anchor_02,-58.000
1.000,3.000,raw,1781434848.322,anchor_04,-74.000
1.000,3.000,raw,1781434848.587,anchor_03,-82.000
1.000,3.000,raw,1781434848.690,anchor_01,-61.000
1.000,3.000,raw,1781434848.696,anchor_03,-72.000
1.000,3.000,raw,1781434848.907,anchor_04,-75.000
1.000,3.000,raw,1781434848.952,anchor_04,-74.000
1.000,3.000,raw,1781434848.953,anchor_04,-75.000
1.000,3.000,raw,1781434849.045,anchor_02,-59.000
1.000,3.000,raw,1781434849.313,anchor_02,-68.000
1.000,3.000,raw,1781434849.313,anchor_02,-68.000
1.000,3.000,raw,1781434849.634,anchor_03,-84.000
1.000,3.000,raw,1781434849.719,anchor_01,-61.000
1.000,3.000,raw,1781434849.824,anchor_01,-58.000
1.000,3.000,raw,1781434849.824,anchor_01,-62.000
1.000,3.000,raw,1781434850.719,anchor_03,-88.000
1.000,3.000,raw,1781434850.840,anchor_01,-62.000
1.000,3.000,raw,1781434850.952,anchor_03,-74.000
1.000,3.000,raw,1781434850.952,anchor_03,-87.000
1.000,3.000,raw,1781434850.956,anchor_01,-62.000
1.000,3.000,raw,1781434851.149,anchor_04,-75.000
1.000,3.000,raw,1781434851.367,anchor_02,-56.000
1.000,3.000,raw,1781434851.468,anchor_02,-69.000
1.000,3.000,raw,1781434851.468,anchor_02,-57.000
1.000,3.000,raw,1781434851.834,anchor_03,-88.000
1.000,3.000,raw,1781434851.870,anchor_01,-62.000
1.000,3.000,raw,1781434851.885,anchor_03,-72.000
1.000,3.000,raw,1781434851.929,anchor_01,-61.000
1.000,3.000,raw,1781434851.929,anchor_01,-61.000
1.000,3.000,raw,1781434852.079,anchor_01,-59.000
1.000,3.000,raw,1781434852.204,anchor_02,-60.000
1.000,3.000,raw,1781434852.285,anchor_02,-69.000
1.000,3.000,raw,1781434852.888,anchor_03,-88.000
1.000,3.000,raw,1781434852.991,anchor_01,-61.000
1.000,3.000,raw,1781434852.995,anchor_03,-71.000
1.000,3.000,raw,1781434853.140,anchor_01,-62.000
1.000,3.000,raw,1781434853.143,anchor_04,-77.000
1.000,3.000,raw,1781434853.333,anchor_02,-60.000
1.000,3.000,raw,1781434853.400,anchor_02,-56.000
1.000,3.000,raw,1781434853.413,anchor_04,-75.000
1.000,3.000,raw,1781434853.413,anchor_04,-76.000
1.000,3.000,raw,1781434853.414,anchor_04,-75.000
1.000,3.000,raw,1781434853.931,anchor_03,-87.000
1.000,3.000,raw,1781434854.066,anchor_01,-64.000
1.000,3.000,raw,1781434854.129,anchor_03,-71.000
1.000,3.000,raw,1781434854.342,anchor_02,-60.000
1.000,3.000,raw,1781434854.357,anchor_04,-72.000
1.000,3.000,raw,1781434854.451,anchor_04,-75.000
1.000,3.000,raw,1781434854.538,anchor_02,-57.000
1.000,3.000,raw,1781434854.539,anchor_02,-59.000
1.000,3.000,raw,1781434854.651,anchor_01,-62.000
1.000,3.000,raw,1781434855.194,anchor_01,-61.000
1.000,3.000,raw,1781434855.253,anchor_01,-62.000
1.000,3.000,raw,1781434855.253,anchor_01,-60.000
1.000,3.000,raw,1781434855.285,anchor_04,-77.000
1.000,3.000,raw,1781434855.453,anchor_02,-59.000
1.000,3.000,raw,1781434855.663,anchor_04,-75.000
1.000,3.000,raw,1781434856.111,anchor_03,-71.000
1.000,3.000,raw,1781434856.172,anchor_03,-82.000
1.000,3.000,raw,1781434856.172,anchor_03,-88.000
1.000,3.000,raw,1781434856.212,anchor_01,-59.000
1.000,3.000,raw,1781434856.404,anchor_04,-76.000
1.000,3.000,raw,1781434856.484,anchor_02,-60.000
1.000,3.000,raw,1781434856.523,anchor_04,-75.000
1.000,3.000,raw,1781434856.523,anchor_04,-77.000
1.000,3.000,raw,1781434856.537,anchor_02,-55.000
1.000,3.000,raw,1781434856.689,anchor_01,-61.000
1.000,3.000,raw,1781434856.689,anchor_01,-60.000
1.000,3.000,raw,1781434857.303,anchor_01,-62.000
1.000,3.000,raw,1781434857.509,anchor_01,-60.000
1.000,3.000,raw,1781434857.509,anchor_01,-62.000
1.000,3.000,raw,1781434857.509,anchor_01,-61.000
1.000,3.000,raw,1781434857.621,anchor_02,-69.000
1.000,3.000,raw,1781434857.829,anchor_02,-56.000
1.000,3.000,raw,1781434857.829,anchor_02,-59.000
1.000,3.000,raw,1781434858.165,anchor_03,-71.000
1.000,3.000,raw,1781434858.220,anchor_03,-87.000
1.000,3.000,raw,1781434858.426,anchor_01,-60.000
1.000,3.000,raw,1781434858.534,anchor_04,-76.000
1.000,3.000,raw,1781434858.537,anchor_01,-62.000
1.000,3.000,raw,1781434858.538,anchor_01,-60.000
1.000,3.000,raw,1781434858.717,anchor_02,-59.000
1.000,3.000,raw,1781434858.727,anchor_04,-75.000
1.000,3.000,raw,1781434858.727,anchor_04,-76.000
1.000,3.000,raw,1781434858.727,anchor_04,-77.000
1.000,3.000,raw,1781434858.974,anchor_02,-59.000
1.000,3.000,raw,1781434858.974,anchor_02,-68.000
1.000,3.000,raw,1781434858.974,anchor_02,-58.000
1.000,3.000,raw,1781434859.278,anchor_03,-83.000
1.000,3.000,raw,1781434859.341,anchor_03,-87.000
1.000,3.000,raw,1781434859.341,anchor_03,-71.000
1.000,3.000,raw,1781434859.550,anchor_01,-63.000
1.000,3.000,raw,1781434859.583,anchor_04,-76.000
1.000,3.000,raw,1781434859.657,anchor_01,-60.000
1.000,3.000,raw,1781434859.858,anchor_02,-59.000
1.000,3.000,raw,1781434860.069,anchor_02,-69.000
1.000,3.000,raw,1781434860.069,anchor_02,-56.000
1.000,3.000,raw,1781434860.069,anchor_02,-60.000
1.000,3.000,raw,1781434860.069,anchor_02,-69.000
1.000,3.000,raw,1781434860.307,anchor_03,-73.000
1.000,3.000,raw,1781434860.582,anchor_01,-62.000
1.000,3.000,raw,1781434860.630,anchor_01,-60.000
1.000,3.000,raw,1781434860.630,anchor_01,-61.000
1.000,3.000,raw,1781434860.678,anchor_01,-63.000
1.000,3.000,raw,1781434860.978,anchor_02,-59.000
1.000,3.000,raw,1781434861.183,anchor_02,-56.000
1.000,3.000,raw,1781434861.387,anchor_03,-88.000
1.000,3.000,raw,1781434861.694,anchor_04,-75.000
1.000,3.000,raw,1781434861.694,anchor_01,-62.000
1.000,3.000,raw,1781434861.747,anchor_01,-63.000
1.000,3.000,raw,1781434862.116,anchor_02,-60.000
1.000,3.000,raw,1781434862.718,anchor_04,-77.000
1.000,3.000,raw,1781434862.807,anchor_01,-60.000
1.000,3.000,raw,1781434862.826,anchor_04,-75.000
1.000,3.000,raw,1781434862.826,anchor_04,-76.000
1.000,3.000,raw,1781434863.046,anchor_02,-56.000
1.000,3.000,raw,1781434863.253,anchor_01,-62.000
1.000,3.000,raw,1781434863.440,anchor_03,-90.000
1.000,3.000,raw,1781434863.570,anchor_03,-71.000
1.000,3.000,raw,1781434863.797,anchor_04,-76.000
1.000,3.000,raw,1781434864.116,anchor_02,-60.000
1.000,3.000,raw,1781434864.188,anchor_04,-75.000
1.000,3.000,raw,1781434864.369,anchor_02,-56.000
1.000,3.000,raw,1781434864.504,anchor_03,-81.000
1.000,3.000,raw,1781434864.880,anchor_01,-62.000
1.000,3.000,raw,1781434865.083,anchor_01,-60.000
1.000,3.000,raw,1781434865.083,anchor_01,-63.000
1.000,3.000,raw,1781434865.085,anchor_04,-78.000
1.000,3.000,raw,1781434865.306,anchor_02,-69.000
1.000,3.000,raw,1781434865.306,anchor_04,-78.000
1.000,3.000,raw,1781434865.427,anchor_02,-56.000
1.000,3.000,raw,1781434865.969,anchor_01,-60.000
1.000,3.000,raw,1781434866.234,anchor_02,-57.000
1.000,3.000,raw,1781434866.453,anchor_02,-56.000
1.000,3.000,raw,1781434866.966,anchor_04,-76.000
1.000,3.000,raw,1781434867.019,anchor_01,-61.000
1.000,3.000,raw,1781434867.142,anchor_04,-76.000
1.000,3.000,raw,1781434867.327,anchor_02,-58.000
1.000,3.000,raw,1781434867.370,anchor_02,-56.000
1.000,3.000,raw,1781434867.371,anchor_02,-69.000
1.000,3.000,raw,1781434867.544,anchor_01,-63.000
1.000,3.000,raw,1781434867.544,anchor_01,-60.000
1.000,3.000,raw,1781434867.642,anchor_03,-88.000
1.000,3.000,raw,1781434867.740,anchor_03,-82.000
1.000,3.000,raw,1781434868.043,anchor_04,-75.000
1.000,3.000,raw,1781434868.090,anchor_01,-63.000
1.000,3.000,raw,1781434868.393,anchor_02,-69.000
1.000,3.000,raw,1781434868.467,anchor_01,-60.000
1.000,3.000,raw,1781434868.467,anchor_01,-60.000
1.000,3.000,raw,1781434868.467,anchor_01,-61.000
1.000,3.000,raw,1781434869.206,anchor_01,-61.000
1.000,3.000,raw,1781434869.582,anchor_02,-60.000
1.000,3.000,raw,1781434869.703,anchor_03,-83.000
1.000,3.000,raw,1781434869.758,anchor_03,-87.000
1.000,3.000,raw,1781434869.758,anchor_03,-72.000
1.000,3.000,raw,1781434870.111,anchor_04,-76.000
1.000,3.000,raw,1781434870.252,anchor_01,-63.000
1.000,3.000,raw,1781434870.309,anchor_04,-76.000
1.000,3.000,raw,1781434870.314,anchor_01,-62.000
1.000,3.000,raw,1781434870.501,anchor_02,-59.000
1.000,3.000,raw,1781434870.628,anchor_02,-59.000
1.000,3.000,raw,1781434870.628,anchor_02,-59.000
1.000,3.000,raw,1781434870.628,anchor_02,-58.000
1.000,3.000,raw,1781434870.809,anchor_03,-82.000
1.000,3.000,raw,1781434870.922,anchor_03,-88.000
1.000,3.000,raw,1781434871.266,anchor_04,-78.000
1.000,3.000,raw,1781434871.374,anchor_04,-76.000
1.000,3.000,raw,1781434871.434,anchor_01,-60.000
1.000,3.000,raw,1781434871.641,anchor_02,-69.000
1.000,3.000,raw,1781434871.749,anchor_02,-69.000
1.000,3.000,raw,1781434871.749,anchor_02,-60.000
1.000,3.000,raw,1781434871.749,anchor_02,-68.000
1.000,3.000,raw,1781434871.921,anchor_03,-71.000
1.000,3.000,raw,1781434871.971,anchor_03,-82.000
1.000,3.000,raw,1781434872.377,anchor_01,-99.000
1.000,3.000,raw,1781434872.759,anchor_02,-59.000
1.000,3.000,raw,1781434872.871,anchor_02,-69.000
1.000,3.000,raw,1781434872.959,anchor_03,-88.000
1.000,3.000,raw,1781434873.078,anchor_01,-62.000
1.000,3.000,raw,1781434873.078,anchor_01,-62.000
1.000,3.000,raw,1781434873.081,anchor_03,-82.000
1.000,3.000,raw,1781434873.299,anchor_04,-77.000
2.600,1.000,raw,1781435076.750,anchor_02,-57.000
2.600,1.000,raw,1781435076.805,anchor_02,-60.000
2.600,1.000,raw,1781435076.805,anchor_02,-63.000
2.600,1.000,raw,1781435077.365,anchor_01,-85.000
2.600,1.000,raw,1781435077.392,anchor_04,-81.000
2.600,1.000,raw,1781435077.479,anchor_01,-78.000
2.600,1.000,raw,1781435077.567,anchor_03,-91.000
2.600,1.000,raw,1781435077.874,anchor_02,-57.000
2.600,1.000,raw,1781435078.083,anchor_02,-57.000
2.600,1.000,raw,1781435078.083,anchor_02,-67.000
2.600,1.000,raw,1781435078.084,anchor_02,-62.000
2.600,1.000,raw,1781435078.084,anchor_02,-62.000
2.600,1.000,raw,1781435078.428,anchor_01,-74.000
2.600,1.000,raw,1781435078.436,anchor_04,-81.000
2.600,1.000,raw,1781435078.495,anchor_04,-73.000
2.600,1.000,raw,1781435078.495,anchor_04,-82.000
2.600,1.000,raw,1781435078.497,anchor_01,-78.000
2.600,1.000,raw,1781435078.497,anchor_01,-85.000
2.600,1.000,raw,1781435078.589,anchor_03,-89.000
2.600,1.000,raw,1781435078.640,anchor_03,-71.000
2.600,1.000,raw,1781435079.008,anchor_02,-67.000
2.600,1.000,raw,1781435079.008,anchor_04,-82.000
2.600,1.000,raw,1781435079.153,anchor_02,-63.000
2.600,1.000,raw,1781435079.555,anchor_04,-74.000
2.600,1.000,raw,1781435079.699,anchor_03,-71.000
2.600,1.000,raw,1781435079.968,anchor_01,-85.000
2.600,1.000,raw,1781435080.065,anchor_02,-68.000
2.600,1.000,raw,1781435080.123,anchor_02,-57.000
2.600,1.000,raw,1781435080.123,anchor_02,-57.000
2.600,1.000,raw,1781435080.625,anchor_01,-83.000
2.600,1.000,raw,1781435080.634,anchor_04,-72.000
2.600,1.000,raw,1781435080.680,anchor_01,-74.000
2.600,1.000,raw,1781435080.737,anchor_03,-70.000
2.600,1.000,raw,1781435081.187,anchor_02,-62.000
2.600,1.000,raw,1781435081.659,anchor_04,-72.000
2.600,1.000,raw,1781435081.665,anchor_01,-73.000
2.600,1.000,raw,1781435081.768,anchor_03,-71.000
2.600,1.000,raw,1781435081.805,anchor_04,-72.000
2.600,1.000,raw,1781435081.805,anchor_04,-73.000
2.600,1.000,raw,1781435081.817,anchor_03,-70.000
2.600,1.000,raw,1781435081.817,anchor_03,-69.000
2.600,1.000,raw,1781435082.221,anchor_02,-62.000
2.600,1.000,raw,1781435082.694,anchor_01,-74.000
2.600,1.000,raw,1781435082.746,anchor_04,-73.000
2.600,1.000,raw,1781435083.043,anchor_03,-92.000
2.600,1.000,raw,1781435083.247,anchor_02,-62.000
2.600,1.000,raw,1781435083.317,anchor_04,-73.000
2.600,1.000,raw,1781435083.317,anchor_04,-84.000
2.600,1.000,raw,1781435083.317,anchor_04,-84.000
2.600,1.000,raw,1781435083.852,anchor_01,-82.000
2.600,1.000,raw,1781435083.855,anchor_04,-73.000
2.600,1.000,raw,1781435084.386,anchor_02,-56.000
2.600,1.000,raw,1781435084.437,anchor_02,-57.000
2.600,1.000,raw,1781435084.437,anchor_02,-67.000
2.600,1.000,raw,1781435084.437,anchor_02,-62.000
2.600,1.000,raw,1781435084.783,anchor_01,-84.000
2.600,1.000,raw,1781435084.935,anchor_04,-84.000
2.600,1.000,raw,1781435084.936,anchor_03,-71.000
2.600,1.000,raw,1781435085.162,anchor_01,-74.000
2.600,1.000,raw,1781435085.163,anchor_01,-78.000
2.600,1.000,raw,1781435085.163,anchor_01,-81.000
2.600,1.000,raw,1781435085.469,anchor_02,-57.000
2.600,1.000,raw,1781435085.561,anchor_02,-57.000
2.600,1.000,raw,1781435085.561,anchor_02,-68.000
2.600,1.000,raw,1781435085.900,anchor_01,-84.000
2.600,1.000,raw,1781435086.024,anchor_03,-71.000
2.600,1.000,raw,1781435086.070,anchor_04,-73.000
2.600,1.000,raw,1781435086.079,anchor_01,-74.000
2.600,1.000,raw,1781435086.080,anchor_01,-80.000
2.600,1.000,raw,1781435086.080,anchor_03,-69.000
2.600,1.000,raw,1781435086.080,anchor_03,-71.000
2.600,1.000,raw,1781435086.581,anchor_02,-62.000
2.600,1.000,raw,1781435086.687,anchor_02,-62.000
2.600,1.000,raw,1781435087.003,anchor_04,-82.000
2.600,1.000,raw,1781435087.028,anchor_01,-84.000
2.600,1.000,raw,1781435087.190,anchor_03,-71.000
2.600,1.000,raw,1781435087.406,anchor_04,-81.000
2.600,1.000,raw,1781435087.602,anchor_02,-57.000
2.600,1.000,raw,1781435087.706,anchor_02,-57.000
2.600,1.000,raw,1781435088.110,anchor_04,-86.000
2.600,1.000,raw,1781435088.110,anchor_03,-70.000
2.600,1.000,raw,1781435088.116,anchor_01,-81.000
2.600,1.000,raw,1781435088.158,anchor_04,-83.000
2.600,1.000,raw,1781435088.158,anchor_04,-74.000
2.600,1.000,raw,1781435088.158,anchor_03,-71.000
2.600,1.000,raw,1781435088.262,anchor_01,-81.000
2.600,1.000,raw,1781435088.262,anchor_01,-84.000
2.600,1.000,raw,1781435088.642,anchor_02,-57.000
2.600,1.000,raw,1781435088.696,anchor_02,-57.000
2.600,1.000,raw,1781435088.696,anchor_02,-57.000
2.600,1.000,raw,1781435089.192,anchor_04,-81.000
2.600,1.000,raw,1781435089.192,anchor_01,-83.000
2.600,1.000,raw,1781435089.198,anchor_03,-71.000
2.600,1.000,raw,1781435089.246,anchor_04,-79.000
2.600,1.000,raw,1781435089.390,anchor_03,-91.000
2.600,1.000,raw,1781435089.748,anchor_02,-57.000
2.600,1.000,raw,1781435089.859,anchor_02,-68.000
2.600,1.000,raw,1781435090.210,anchor_01,-81.000
2.600,1.000,raw,1781435090.298,anchor_04,-83.000
2.600,1.000,raw,1781435090.365,anchor_03,-92.000
2.600,1.000,raw,1781435090.373,anchor_04,-71.000
2.600,1.000,raw,1781435091.086,anchor_02,-57.000
2.600,1.000,raw,1781435091.284,anchor_01,-74.000
2.600,1.000,raw,1781435091.298,anchor_03,-93.000
2.600,1.000,raw,1781435091.304,anchor_04,-80.000
2.600,1.000,raw,1781435091.504,anchor_04,-80.000
2.600,1.000,raw,1781435091.504,anchor_04,-71.000
2.600,1.000,raw,1781435091.514,anchor_03,-69.000
2.600,1.000,raw,1781435091.857,anchor_02,-62.000
2.600,1.000,raw,1781435092.225,anchor_02,-68.000
2.600,1.000,raw,1781435092.225,anchor_02,-62.000
2.600,1.000,raw,1781435092.225,anchor_02,-61.000
2.600,1.000,raw,1781435092.367,anchor_03,-71.000
2.600,1.000,raw,1781435092.626,anchor_01,-81.000
2.600,1.000,raw,1781435092.635,anchor_03,-69.000
2.600,1.000,raw,1781435092.721,anchor_04,-71.000
2.600,1.000,raw,1781435092.969,anchor_02,-72.000
2.600,1.000,raw,1781435093.364,anchor_01,-85.000
2.600,1.000,raw,1781435093.471,anchor_03,-69.000
2.600,1.000,raw,1781435093.482,anchor_04,-74.000
2.600,1.000,raw,1781435093.539,anchor_04,-81.000
2.600,1.000,raw,1781435093.539,anchor_04,-72.000
2.600,1.000,raw,1781435093.547,anchor_02,-60.000
2.600,1.000,raw,1781435093.547,anchor_02,-62.000
2.600,1.000,raw,1781435093.556,anchor_03,-71.000
2.600,1.000,raw,1781435094.101,anchor_02,-57.000
2.600,1.000,raw,1781435094.265,anchor_02,-62.000
2.600,1.000,raw,1781435094.415,anchor_01,-81.000
2.600,1.000,raw,1781435094.512,anchor_03,-70.000
2.600,1.000,raw,1781435094.574,anchor_04,-74.000
2.600,1.000,raw,1781435095.177,anchor_02,-62.000
2.600,1.000,raw,1781435095.226,anchor_02,-68.000
2.600,1.000,raw,1781435095.226,anchor_02,-67.000
2.600,1.000,raw,1781435095.587,anchor_04,-76.000
2.600,1.000,raw,1781435095.587,anchor_03,-70.000
2.600,1.000,raw,1781435095.592,anchor_01,-85.000
2.600,1.000,raw,1781435095.697,anchor_03,-71.000
2.600,1.000,raw,1781435095.800,anchor_04,-72.000
2.600,1.000,raw,1781435095.800,anchor_04,-75.000
2.600,1.000,raw,1781435095.801,anchor_04,-71.000
2.600,1.000,raw,1781435096.306,anchor_02,-61.000
2.600,1.000,raw,1781435096.513,anchor_01,-74.000
2.600,1.000,raw,1781435096.629,anchor_03,-91.000
2.600,1.000,raw,1781435096.716,anchor_03,-71.000
2.600,1.000,raw,1781435096.716,anchor_04,-75.000
2.600,1.000,raw,1781435096.864,anchor_04,-71.000
2.600,1.000,raw,1781435096.864,anchor_04,-72.000
2.600,1.000,raw,1781435097.373,anchor_02,-67.000
2.600,1.000,raw,1781435097.437,anchor_02,-57.000
2.600,1.000,raw,1781435097.437,anchor_02,-57.000
2.600,1.000,raw,1781435097.556,anchor_01,-86.000
2.600,1.000,raw,1781435097.613,anchor_01,-85.000
2.600,1.000,raw,1781435097.738,anchor_03,-69.000
2.600,1.000,raw,1781435097.790,anchor_04,-77.000
2.600,1.000,raw,1781435098.157,anchor_04,-81.000
2.600,1.000,raw,1781435098.403,anchor_02,-57.000
2.600,1.000,raw,1781435098.669,anchor_01,-74.000
2.600,1.000,raw,1781435098.761,anchor_03,-71.000
2.600,1.000,raw,1781435098.862,anchor_04,-73.000
2.600,1.000,raw,1781435098.870,anchor_03,-93.000
2.600,1.000,raw,1781435099.485,anchor_02,-62.000
2.600,1.000,raw,1781435099.695,anchor_02,-68.000
2.600,1.000,raw,1781435099.695,anchor_02,-67.000
2.600,1.000,raw,1781435099.695,anchor_02,-62.000
2.600,1.000,raw,1781435099.695,anchor_02,-68.000
2.600,1.000,raw,1781435099.820,anchor_03,-70.000
2.600,1.000,raw,1781435100.712,anchor_02,-67.000
2.600,1.000,raw,1781435100.900,anchor_03,-71.000
2.600,1.000,raw,1781435100.935,anchor_04,-78.000
2.600,1.000,raw,1781435101.135,anchor_03,-70.000
2.600,1.000,raw,1781435101.646,anchor_02,-62.000
2.600,1.000,raw,1781435101.940,anchor_03,-69.000
2.600,1.000,raw,1781435102.034,anchor_04,-72.000
2.600,1.000,raw,1781435102.251,anchor_04,-71.000
2.600,1.000,raw,1781435102.683,anchor_02,-68.000
2.600,1.000,raw,1781435102.759,anchor_01,-91.000
2.600,1.000,raw,1781435102.820,anchor_01,-82.000
2.600,1.000,raw,1781435102.866,anchor_02,-58.000
2.600,1.000,raw,1781435103.005,anchor_03,-70.000
2.600,1.000,raw,1781435103.194,anchor_04,-71.000
2.600,1.000,raw,1781435103.379,anchor_03,-93.000
2.600,1.000,raw,1781435103.379,anchor_04,-77.000
2.600,1.000,raw,1781435103.785,anchor_02,-62.000
2.600,1.000,raw,1781435103.879,anchor_01,-82.000
2.600,1.000,raw,1781435103.896,anchor_02,-57.000
2.600,1.000,raw,1781435103.896,anchor_02,-68.000
2.600,1.000,raw,1781435104.085,anchor_03,-93.000
2.600,1.000,raw,1781435104.127,anchor_04,-71.000
2.600,1.000,raw,1781435104.291,anchor_03,-70.000
2.600,1.000,raw,1781435104.846,anchor_02,-68.000
2.600,1.000,raw,1781435104.908,anchor_02,-61.000
2.600,1.000,raw,1781435105.022,anchor_01,-75.000
2.600,1.000,raw,1781435105.022,anchor_01,-92.000
2.600,1.000,raw,1781435105.022,anchor_01,-92.000
2.600,1.000,raw,1781435105.212,anchor_04,-71.000
2.600,1.000,raw,1781435105.212,anchor_03,-93.000
2.600,1.000,raw,1781435105.418,anchor_04,-80.000
2.600,1.000,raw,1781435105.932,anchor_02,-58.000
2.600,1.000,raw,1781435105.971,anchor_01,-91.000
2.600,1.000,raw,1781435106.018,anchor_01,-72.000
2.600,1.000,raw,1781435106.033,anchor_02,-70.000
2.600,1.000,raw,1781435106.174,anchor_03,-70.000
2.600,1.000,raw,1781435106.292,anchor_04,-74.000
2.600,1.000,raw,1781435106.348,anchor_04,-72.000
2.600,1.000,raw,1781435106.563,anchor_03,-69.000
2.600,1.000,raw,1781435106.563,anchor_03,-69.000
2.600,1.000,raw,1781435106.563,anchor_03,-94.000
2.600,1.000,raw,1781435107.047,anchor_02,-62.000
2.600,1.000,raw,1781435107.061,anchor_01,-94.000
2.600,1.000,raw,1781435107.271,anchor_01,-92.000
2.600,1.000,raw,1781435107.276,anchor_02,-58.000
2.600,1.000,raw,1781435107.304,anchor_03,-71.000
2.600,1.000,raw,1781435107.315,anchor_04,-84.000
2.600,1.000,raw,1781435108.079,anchor_02,-61.000
2.600,1.000,raw,1781435108.189,anchor_02,-69.000
2.600,1.000,raw,1781435108.194,anchor_01,-76.000
2.600,1.000,raw,1781435108.337,anchor_03,-71.000
2.600,1.000,raw,1781435108.409,anchor_04,-72.000
2.600,1.000,raw,1781435108.717,anchor_04,-72.000
2.600,1.000,raw,1781435108.739,anchor_03,-70.000
2.600,1.000,raw,1781435108.739,anchor_03,-70.000
2.600,1.000,raw,1781435109.124,anchor_02,-58.000
2.600,1.000,raw,1781435109.157,anchor_01,-83.000
2.600,1.000,raw,1781435109.176,anchor_02,-58.000
2.600,1.000,raw,1781435109.457,anchor_04,-73.000
2.600,1.000,raw,1781435109.459,anchor_03,-70.000
2.600,1.000,raw,1781435109.518,anchor_03,-89.000
2.600,1.000,raw,1781435109.519,anchor_04,-74.000
2.600,1.000,raw,1781435109.524,anchor_01,-75.000
2.600,1.000,raw,1781435110.234,anchor_02,-57.000
2.600,1.000,raw,1781435110.234,anchor_01,-75.000
2.600,1.000,raw,1781435110.280,anchor_01,-77.000
2.600,1.000,raw,1781435110.280,anchor_01,-78.000
2.600,1.000,raw,1781435110.280,anchor_02,-69.000
2.600,1.000,raw,1781435110.280,anchor_02,-70.000
2.600,1.000,raw,1781435110.281,anchor_02,-62.000
2.600,1.000,raw,1781435110.640,anchor_04,-73.000
2.600,1.000,raw,1781435110.851,anchor_04,-68.000
2.600,1.000,raw,1781435111.316,anchor_02,-61.000
3.750,1.000,raw,1781435330.737,anchor_04,-73.000
3.750,1.000,raw,1781435330.821,anchor_02,-66.000
3.750,1.000,raw,1781435330.821,anchor_02,-66.000
3.750,1.000,raw,1781435331.102,anchor_01,-72.000
3.750,1.000,raw,1781435331.283,anchor_03,-63.000
3.750,1.000,raw,1781435331.468,anchor_03,-66.000
3.750,1.000,raw,1781435331.468,anchor_03,-66.000
3.750,1.000,raw,1781435331.469,anchor_03,-66.000
3.750,1.000,raw,1781435331.528,anchor_02,-66.000
3.750,1.000,raw,1781435331.544,anchor_04,-80.000
3.750,1.000,raw,1781435331.750,anchor_02,-67.000
3.750,1.000,raw,1781435332.143,anchor_01,-72.000
3.750,1.000,raw,1781435332.263,anchor_04,-72.000
3.750,1.000,raw,1781435332.451,anchor_03,-67.000
3.750,1.000,raw,1781435332.584,anchor_02,-66.000
3.750,1.000,raw,1781435332.597,anchor_03,-67.000
3.750,1.000,raw,1781435332.600,anchor_04,-76.000
3.750,1.000,raw,1781435332.636,anchor_02,-55.000
3.750,1.000,raw,1781435333.170,anchor_01,-73.000
3.750,1.000,raw,1781435333.400,anchor_03,-67.000
3.750,1.000,raw,1781435333.697,anchor_04,-75.000
3.750,1.000,raw,1781435333.788,anchor_03,-61.000
3.750,1.000,raw,1781435333.796,anchor_04,-75.000
3.750,1.000,raw,1781435333.891,anchor_02,-66.000
3.750,1.000,raw,1781435333.995,anchor_02,-55.000
3.750,1.000,raw,1781435334.305,anchor_01,-81.000
3.750,1.000,raw,1781435334.719,anchor_02,-56.000
3.750,1.000,raw,1781435334.821,anchor_02,-66.000
3.750,1.000,raw,1781435335.256,anchor_01,-72.000
3.750,1.000,raw,1781435335.628,anchor_03,-66.000
3.750,1.000,raw,1781435335.744,anchor_04,-77.000
3.750,1.000,raw,1781435335.811,anchor_04,-73.000
3.750,1.000,raw,1781435335.831,anchor_02,-65.000
3.750,1.000,raw,1781435336.034,anchor_02,-55.000
3.750,1.000,raw,1781435336.342,anchor_01,-72.000
3.750,1.000,raw,1781435336.859,anchor_04,-73.000
3.750,1.000,raw,1781435336.881,anchor_02,-66.000
3.750,1.000,raw,1781435336.940,anchor_02,-67.000
3.750,1.000,raw,1781435336.940,anchor_02,-71.000
3.750,1.000,raw,1781435336.958,anchor_04,-73.000
3.750,1.000,raw,1781435337.470,anchor_01,-72.000
3.750,1.000,raw,1781435337.619,anchor_01,-72.000
3.750,1.000,raw,1781435337.622,anchor_03,-66.000
3.750,1.000,raw,1781435337.679,anchor_03,-70.000
3.750,1.000,raw,1781435337.679,anchor_03,-66.000
3.750,1.000,raw,1781435337.679,anchor_03,-67.000
3.750,1.000,raw,1781435337.679,anchor_03,-62.000
3.750,1.000,raw,1781435337.983,anchor_02,-55.000
3.750,1.000,raw,1781435338.188,anchor_02,-56.000
3.750,1.000,raw,1781435338.188,anchor_02,-55.000
3.750,1.000,raw,1781435338.427,anchor_01,-72.000
3.750,1.000,raw,1781435338.625,anchor_01,-72.000
3.750,1.000,raw,1781435338.738,anchor_03,-64.000
3.750,1.000,raw,1781435338.793,anchor_03,-66.000
3.750,1.000,raw,1781435338.793,anchor_03,-63.000
3.750,1.000,raw,1781435338.794,anchor_03,-64.000
3.750,1.000,raw,1781435338.920,anchor_04,-72.000
3.750,1.000,raw,1781435339.116,anchor_02,-55.000
3.750,1.000,raw,1781435339.316,anchor_02,-55.000
3.750,1.000,raw,1781435339.517,anchor_01,-80.000
3.750,1.000,raw,1781435339.863,anchor_03,-66.000
3.750,1.000,raw,1781435340.024,anchor_04,-75.000
3.750,1.000,raw,1781435340.045,anchor_03,-65.000
3.750,1.000,raw,1781435340.045,anchor_03,-66.000
3.750,1.000,raw,1781435340.045,anchor_03,-66.000
3.750,1.000,raw,1781435340.137,anchor_02,-67.000
3.750,1.000,raw,1781435340.453,anchor_04,-74.000
3.750,1.000,raw,1781435340.583,anchor_01,-73.000
3.750,1.000,raw,1781435340.953,anchor_03,-65.000
3.750,1.000,raw,1781435341.049,anchor_04,-75.000
3.750,1.000,raw,1781435341.049,anchor_03,-66.000
3.750,1.000,raw,1781435341.197,anchor_02,-66.000
3.750,1.000,raw,1781435341.199,anchor_04,-75.000
3.750,1.000,raw,1781435341.376,anchor_02,-66.000
3.750,1.000,raw,1781435341.608,anchor_01,-72.000
3.750,1.000,raw,1781435342.006,anchor_03,-64.000
3.750,1.000,raw,1781435342.075,anchor_03,-65.000
3.750,1.000,raw,1781435342.107,anchor_04,-72.000
3.750,1.000,raw,1781435342.279,anchor_02,-66.000
3.750,1.000,raw,1781435342.288,anchor_04,-71.000
3.750,1.000,raw,1781435342.347,anchor_02,-56.000
3.750,1.000,raw,1781435342.347,anchor_02,-55.000
3.750,1.000,raw,1781435342.347,anchor_02,-67.000
3.750,1.000,raw,1781435342.638,anchor_01,-81.000
3.750,1.000,raw,1781435343.098,anchor_03,-66.000
3.750,1.000,raw,1781435343.201,anchor_04,-74.000
3.750,1.000,raw,1781435343.209,anchor_03,-66.000
3.750,1.000,raw,1781435343.209,anchor_03,-66.000
3.750,1.000,raw,1781435343.209,anchor_03,-67.000
3.750,1.000,raw,1781435343.818,anchor_01,-71.000
3.750,1.000,raw,1781435343.826,anchor_04,-72.000
3.750,1.000,raw,1781435344.532,anchor_02,-67.000
3.750,1.000,raw,1781435344.535,anchor_03,-66.000
3.750,1.000,raw,1781435344.586,anchor_02,-66.000
3.750,1.000,raw,1781435344.586,anchor_02,-64.000
3.750,1.000,raw,1781435344.750,anchor_01,-81.000
3.750,1.000,raw,1781435345.280,anchor_04,-76.000
3.750,1.000,raw,1781435345.281,anchor_03,-66.000
3.750,1.000,raw,1781435345.463,anchor_03,-63.000
3.750,1.000,raw,1781435345.464,anchor_03,-67.000
3.750,1.000,raw,1781435345.497,anchor_02,-56.000
3.750,1.000,raw,1781435345.807,anchor_01,-73.000
3.750,1.000,raw,1781435346.355,anchor_04,-72.000
3.750,1.000,raw,1781435346.375,anchor_03,-64.000
3.750,1.000,raw,1781435346.580,anchor_02,-55.000
3.750,1.000,raw,1781435346.731,anchor_02,-67.000
3.750,1.000,raw,1781435346.731,anchor_02,-56.000
3.750,1.000,raw,1781435346.831,anchor_01,-72.000
3.750,1.000,raw,1781435347.463,anchor_03,-67.000
3.750,1.000,raw,1781435347.508,anchor_04,-76.000
3.750,1.000,raw,1781435347.653,anchor_02,-66.000
3.750,1.000,raw,1781435347.723,anchor_02,-56.000
3.750,1.000,raw,1781435347.723,anchor_02,-55.000
3.750,1.000,raw,1781435347.723,anchor_02,-67.000
3.750,1.000,raw,1781435347.913,anchor_01,-72.000
3.750,1.000,raw,1781435348.025,anchor_03,-67.000
3.750,1.000,raw,1781435348.025,anchor_03,-66.000
3.750,1.000,raw,1781435348.025,anchor_01,-81.000
3.750,1.000,raw,1781435348.025,anchor_01,-73.000
3.750,1.000,raw,1781435348.428,anchor_04,-85.000
3.750,1.000,raw,1781435348.580,anchor_03,-66.000
3.750,1.000,raw,1781435348.637,anchor_03,-64.000
3.750,1.000,raw,1781435348.637,anchor_03,-67.000
3.750,1.000,raw,1781435348.764,anchor_02,-54.000
3.750,1.000,raw,1781435348.820,anchor_02,-55.000
3.750,1.000,raw,1781435349.512,anchor_04,-73.000
3.750,1.000,raw,1781435349.601,anchor_03,-67.000
3.750,1.000,raw,1781435349.771,anchor_03,-66.000
3.750,1.000,raw,1781435349.771,anchor_03,-66.000
3.750,1.000,raw,1781435350.003,anchor_01,-79.000
3.750,1.000,raw,1781435350.003,anchor_02,-56.000
3.750,1.000,raw,1781435350.285,anchor_01,-72.000
3.750,1.000,raw,1781435350.693,anchor_03,-66.000
3.750,1.000,raw,1781435350.887,anchor_03,-66.000
3.750,1.000,raw,1781435351.099,anchor_01,-82.000
3.750,1.000,raw,1781435351.196,anchor_01,-72.000
3.750,1.000,raw,1781435351.196,anchor_01,-73.000
3.750,1.000,raw,1781435351.802,anchor_03,-67.000
3.750,1.000,raw,1781435351.940,anchor_02,-55.000
3.750,1.000,raw,1781435351.994,anchor_02,-65.000
3.750,1.000,raw,1781435351.995,anchor_02,-94.000
3.750,1.000,raw,1781435351.995,anchor_02,-65.000
3.750,1.000,raw,1781435352.158,anchor_01,-82.000
3.750,1.000,raw,1781435352.208,anchor_01,-72.000
3.750,1.000,raw,1781435352.577,anchor_04,-86.000
3.750,1.000,raw,1781435352.933,anchor_03,-66.000
3.750,1.000,raw,1781435353.045,anchor_02,-55.000
3.750,1.000,raw,1781435353.048,anchor_03,-63.000
3.750,1.000,raw,1781435354.067,anchor_02,-66.000
3.750,1.000,raw,1781435354.165,anchor_02,-56.000
3.750,1.000,raw,1781435354.261,anchor_01,-72.000
3.750,1.000,raw,1781435354.779,anchor_04,-76.000
3.750,1.000,raw,1781435354.917,anchor_03,-67.000
3.750,1.000,raw,1781435354.917,anchor_04,-77.000
3.750,1.000,raw,1781435354.976,anchor_03,-66.000
3.750,1.000,raw,1781435355.140,anchor_02,-66.000
3.750,1.000,raw,1781435355.305,anchor_01,-82.000
3.750,1.000,raw,1781435355.371,anchor_01,-71.000
3.750,1.000,raw,1781435355.499,anchor_02,-67.000
3.750,1.000,raw,1781435355.499,anchor_02,-67.000
3.750,1.000,raw,1781435355.724,anchor_04,-85.000
3.750,1.000,raw,1781435355.910,anchor_04,-73.000
3.750,1.000,raw,1781435355.910,anchor_04,-85.000
3.750,1.000,raw,1781435356.021,anchor_03,-67.000
3.750,1.000,raw,1781435356.113,anchor_03,-67.000
3.750,1.000,raw,1781435356.113,anchor_03,-64.000
3.750,1.000,raw,1781435356.274,anchor_02,-66.000
3.750,1.000,raw,1781435356.420,anchor_02,-78.000
3.750,1.000,raw,1781435356.420,anchor_02,-66.000
3.750,1.000,raw,1781435356.461,anchor_01,-73.000
3.750,1.000,raw,1781435356.825,anchor_04,-73.000
3.750,1.000,raw,1781435356.834,anchor_01,-72.000
3.750,1.000,raw,1781435356.834,anchor_01,-72.000
3.750,1.000,raw,1781435357.237,anchor_04,-73.000
3.750,1.000,raw,1781435357.237,anchor_04,-76.000
3.750,1.000,raw,1781435357.238,anchor_04,-75.000
3.750,1.000,raw,1781435357.238,anchor_03,-66.000
3.750,1.000,raw,1781435357.571,anchor_01,-72.000
3.750,1.000,raw,1781435357.571,anchor_02,-67.000
3.750,1.000,raw,1781435357.582,anchor_03,-63.000
3.750,1.000,raw,1781435357.649,anchor_02,-67.000
3.750,1.000,raw,1781435357.649,anchor_02,-100.000
3.750,1.000,raw,1781435357.653,anchor_01,-71.000
3.750,1.000,raw,1781435357.653,anchor_01,-72.000
3.750,1.000,raw,1781435357.654,anchor_01,-73.000
3.750,1.000,raw,1781435357.966,anchor_04,-73.000
3.750,1.000,raw,1781435358.055,anchor_04,-73.000
3.750,1.000,raw,1781435358.414,anchor_02,-55.000
3.750,1.000,raw,1781435358.775,anchor_01,-72.000
3.750,1.000,raw,1781435359.176,anchor_03,-63.000
3.750,1.000,raw,1781435359.185,anchor_04,-84.000
3.750,1.000,raw,1781435359.227,anchor_03,-66.000
3.750,1.000,raw,1781435359.227,anchor_03,-66.000
3.750,1.000,raw,1781435359.596,anchor_02,-67.000
3.750,1.000,raw,1781435359.636,anchor_01,-71.000
3.750,1.000,raw,1781435360.044,anchor_04,-83.000
3.750,1.000,raw,1781435360.452,anchor_03,-66.000
3.750,1.000,raw,1781435360.713,anchor_01,-74.000
3.750,1.000,raw,1781435360.726,anchor_02,-67.000
3.750,1.000,raw,1781435361.126,anchor_04,-73.000
3.750,1.000,raw,1781435361.132,anchor_02,-56.000
3.750,1.000,raw,1781435361.341,anchor_03,-67.000
3.750,1.000,raw,1781435361.438,anchor_01,-72.000
3.750,1.000,raw,1781435361.445,anchor_03,-66.000
3.750,1.000,raw,1781435361.621,anchor_02,-66.000
3.750,1.000,raw,1781435361.847,anchor_01,-72.000
3.750,1.000,raw,1781435361.886,anchor_02,-66.000
3.750,1.000,raw,1781435361.886,anchor_02,-54.000
3.750,1.000,raw,1781435361.887,anchor_02,-66.000
3.750,1.000,raw,1781435362.390,anchor_03,-64.000
3.750,1.000,raw,1781435362.470,anchor_03,-67.000
3.750,1.000,raw,1781435362.794,anchor_01,-72.000
3.750,1.000,raw,1781435363.174,anchor_04,-72.000
3.750,1.000,raw,1781435363.184,anchor_02,-67.000
3.750,1.000,raw,1781435363.316,anchor_04,-84.000
3.750,1.000,raw,1781435363.316,anchor_04,-83.000
3.750,1.000,raw,1781435363.481,anchor_03,-68.000
3.750,1.000,raw,1781435363.747,anchor_02,-67.000
3.750,1.000,raw,1781435363.857,anchor_01,-83.000
3.750,1.000,raw,1781435364.096,anchor_02,-67.000
3.750,1.000,raw,1781435364.096,anchor_02,-66.000
3.750,1.000,raw,1781435364.345,anchor_04,-75.000
3.750,1.000,raw,1781435364.419,anchor_04,-76.000
3.750,1.000,raw,1781435364.419,anchor_04,-73.000
3.750,1.000,raw,1781435364.504,anchor_03,-66.000
3.750,1.000,raw,1781435364.711,anchor_03,-66.000
3.750,1.000,raw,1781435364.838,anchor_02,-66.000
3.750,1.000,raw,1781435365.039,anchor_01,-72.000
3.750,1.000,raw,1781435365.056,anchor_02,-67.000
3.750,1.000,raw,1781435365.166,anchor_01,-72.000
3.750,1.000,raw,1781435365.366,anchor_04,-84.000
3.750,1.000,raw,1781435365.426,anchor_04,-77.000
3.750,1.000,raw,1781435365.567,anchor_03,-64.000
3.750,1.000,raw,1781435365.623,anchor_03,-67.000
3.750,3.000,raw,1781435586.727,anchor_04,-72.000
3.750,3.000,raw,1781435586.774,anchor_04,-70.000
3.750,3.000,raw,1781435586.888,anchor_02,-72.000
3.750,3.000,raw,1781435587.143,anchor_01,-68.000
3.750,3.000,raw,1781435587.674,anchor_04,-65.000
3.750,3.000,raw,1781435587.722,anchor_04,-66.000
3.750,3.000,raw,1781435587.722,anchor_04,-72.000
3.750,3.000,raw,1781435587.864,anchor_04,-68.000
3.750,3.000,raw,1781435587.899,anchor_02,-67.000
3.750,3.000,raw,1781435588.187,anchor_01,-71.000
3.750,3.000,raw,1781435588.194,anchor_02,-71.000
3.750,3.000,raw,1781435588.266,anchor_01,-68.000
3.750,3.000,raw,1781435588.266,anchor_01,-66.000
3.750,3.000,raw,1781435588.567,anchor_03,-69.000
3.750,3.000,raw,1781435588.777,anchor_03,-76.000
3.750,3.000,raw,1781435588.784,anchor_04,-68.000
3.750,3.000,raw,1781435589.200,anchor_01,-70.000
3.750,3.000,raw,1781435589.853,anchor_04,-85.000
3.750,3.000,raw,1781435590.111,anchor_02,-74.000
3.750,3.000,raw,1781435590.223,anchor_01,-69.000
3.750,3.000,raw,1781435590.316,anchor_01,-69.000
3.750,3.000,raw,1781435590.611,anchor_03,-85.000
3.750,3.000,raw,1781435591.077,anchor_02,-69.000
3.750,3.000,raw,1781435591.275,anchor_01,-69.000
3.750,3.000,raw,1781435591.546,anchor_01,-69.000
3.750,3.000,raw,1781435591.945,anchor_04,-69.000
3.750,3.000,raw,1781435592.093,anchor_04,-78.000
3.750,3.000,raw,1781435592.107,anchor_02,-69.000
3.750,3.000,raw,1781435592.164,anchor_02,-76.000
3.750,3.000,raw,1781435592.164,anchor_02,-72.000
3.750,3.000,raw,1781435592.351,anchor_01,-69.000
3.750,3.000,raw,1781435592.463,anchor_01,-67.000
3.750,3.000,raw,1781435593.016,anchor_04,-68.000
3.750,3.000,raw,1781435593.198,anchor_02,-67.000
3.750,3.000,raw,1781435593.288,anchor_04,-69.000
3.750,3.000,raw,1781435593.417,anchor_01,-69.000
3.750,3.000,raw,1781435593.685,anchor_03,-84.000
3.750,3.000,raw,1781435593.998,anchor_03,-71.000
3.750,3.000,raw,1781435593.998,anchor_01,-69.000
3.750,3.000,raw,1781435594.049,anchor_04,-70.000
3.750,3.000,raw,1781435594.138,anchor_04,-69.000
3.750,3.000,raw,1781435594.138,anchor_04,-99.000
3.750,3.000,raw,1781435594.244,anchor_02,-76.000
3.750,3.000,raw,1781435594.341,anchor_02,-71.000
3.750,3.000,raw,1781435594.341,anchor_02,-71.000
3.750,3.000,raw,1781435594.341,anchor_02,-67.000
3.750,3.000,raw,1781435594.518,anchor_01,-69.000
3.750,3.000,raw,1781435594.748,anchor_03,-75.000
3.750,3.000,raw,1781435595.148,anchor_04,-84.000
3.750,3.000,raw,1781435595.362,anchor_02,-67.000
3.750,3.000,raw,1781435595.533,anchor_01,-68.000
3.750,3.000,raw,1781435595.640,anchor_01,-68.000
3.750,3.000,raw,1781435595.640,anchor_01,-68.000
3.750,3.000,raw,1781435595.830,anchor_03,-69.000
3.750,3.000,raw,1781435596.051,anchor_03,-83.000
3.750,3.000,raw,1781435596.052,anchor_03,-68.000
3.750,3.000,raw,1781435596.189,anchor_04,-83.000
3.750,3.000,raw,1781435596.239,anchor_04,-83.000
3.750,3.000,raw,1781435596.239,anchor_04,-69.000
3.750,3.000,raw,1781435596.409,anchor_02,-76.000
3.750,3.000,raw,1781435596.458,anchor_02,-71.000
3.750,3.000,raw,1781435596.658,anchor_01,-69.000
3.750,3.000,raw,1781435596.922,anchor_03,-74.000
3.750,3.000,raw,1781435596.967,anchor_03,-74.000
3.750,3.000,raw,1781435596.968,anchor_03,-74.000
3.750,3.000,raw,1781435597.305,anchor_04,-83.000
3.750,3.000,raw,1781435597.363,anchor_04,-69.000
3.750,3.000,raw,1781435597.363,anchor_04,-70.000
3.750,3.000,raw,1781435597.479,anchor_02,-74.000
3.750,3.000,raw,1781435597.678,anchor_01,-72.000
3.750,3.000,raw,1781435598.410,anchor_04,-80.000
3.750,3.000,raw,1781435598.501,anchor_04,-68.000
3.750,3.000,raw,1781435598.523,anchor_02,-75.000
3.750,3.000,raw,1781435598.606,anchor_02,-72.000
3.750,3.000,raw,1781435598.607,anchor_02,-72.000
3.750,3.000,raw,1781435598.785,anchor_01,-68.000
3.750,3.000,raw,1781435599.009,anchor_03,-82.000
3.750,3.000,raw,1781435599.027,anchor_01,-68.000
3.750,3.000,raw,1781435599.028,anchor_01,-67.000
3.750,3.000,raw,1781435599.055,anchor_03,-80.000
3.750,3.000,raw,1781435599.459,anchor_04,-68.000
3.750,3.000,raw,1781435599.536,anchor_04,-78.000
3.750,3.000,raw,1781435599.536,anchor_04,-78.000
3.750,3.000,raw,1781435599.627,anchor_02,-74.000
3.750,3.000,raw,1781435599.734,anchor_02,-75.000
3.750,3.000,raw,1781435599.828,anchor_01,-67.000
3.750,3.000,raw,1781435599.934,anchor_01,-67.000
3.750,3.000,raw,1781435599.934,anchor_01,-67.000
3.750,3.000,raw,1781435600.083,anchor_03,-80.000
3.750,3.000,raw,1781435600.140,anchor_03,-72.000
3.750,3.000,raw,1781435600.140,anchor_03,-73.000
3.750,3.000,raw,1781435600.141,anchor_03,-79.000
3.750,3.000,raw,1781435600.551,anchor_04,-68.000
3.750,3.000,raw,1781435600.651,anchor_04,-68.000
3.750,3.000,raw,1781435600.651,anchor_04,-67.000
3.750,3.000,raw,1781435600.651,anchor_04,-77.000
3.750,3.000,raw,1781435600.680,anchor_02,-72.000
3.750,3.000,raw,1781435600.924,anchor_01,-67.000
3.750,3.000,raw,1781435601.066,anchor_01,-68.000
3.750,3.000,raw,1781435601.199,anchor_03,-69.000
3.750,3.000,raw,1781435601.673,anchor_04,-69.000
3.750,3.000,raw,1781435601.772,anchor_02,-74.000
3.750,3.000,raw,1781435601.981,anchor_01,-68.000
3.750,3.000,raw,1781435601.990,anchor_02,-74.000
3.750,3.000,raw,1781435602.223,anchor_03,-70.000
3.750,3.000,raw,1781435602.611,anchor_03,-70.000
3.750,3.000,raw,1781435602.728,anchor_04,-87.000
3.750,3.000,raw,1781435602.804,anchor_02,-75.000
3.750,3.000,raw,1781435602.904,anchor_04,-67.000
3.750,3.000,raw,1781435602.904,anchor_04,-67.000
3.750,3.000,raw,1781435603.062,anchor_01,-70.000
3.750,3.000,raw,1781435603.114,anchor_02,-71.000
3.750,3.000,raw,1781435603.114,anchor_01,-70.000
3.750,3.000,raw,1781435603.114,anchor_01,-68.000
3.750,3.000,raw,1781435603.824,anchor_04,-75.000
3.750,3.000,raw,1781435603.908,anchor_02,-75.000
3.750,3.000,raw,1781435604.231,anchor_01,-67.000
3.750,3.000,raw,1781435604.377,anchor_03,-81.000
3.750,3.000,raw,1781435604.377,anchor_01,-71.000
3.750,3.000,raw,1781435604.448,anchor_03,-75.000
3.750,3.000,raw,1781435604.928,anchor_04,-68.000
3.750,3.000,raw,1781435604.951,anchor_02,-74.000
3.750,3.000,raw,1781435605.159,anchor_02,-72.000
3.750,3.000,raw,1781435605.159,anchor_02,-74.000
3.750,3.000,raw,1781435605.161,anchor_04,-75.000
3.750,3.000,raw,1781435605.162,anchor_04,-74.000
3.750,3.000,raw,1781435605.193,anchor_01,-67.000
3.750,3.000,raw,1781435605.297,anchor_01,-69.000
3.750,3.000,raw,1781435605.297,anchor_01,-71.000
3.750,3.000,raw,1781435605.297,anchor_01,-70.000
3.750,3.000,raw,1781435605.401,anchor_03,-74.000
3.750,3.000,raw,1781435605.564,anchor_03,-74.000
3.750,3.000,raw,1781435605.564,anchor_03,-74.000
3.750,3.000,raw,1781435605.973,anchor_04,-67.000
3.750,3.000,raw,1781435606.035,anchor_02,-73.000
3.750,3.000,raw,1781435606.080,anchor_04,-74.000
3.750,3.000,raw,1781435606.080,anchor_04,-68.000
3.750,3.000,raw,1781435606.080,anchor_04,-68.000
3.750,3.000,raw,1781435606.295,anchor_02,-72.000
3.750,3.000,raw,1781435606.307,anchor_01,-68.000
3.750,3.000,raw,1781435606.484,anchor_03,-73.000
3.750,3.000,raw,1781435606.486,anchor_01,-69.000
3.750,3.000,raw,1781435606.487,anchor_01,-71.000
3.750,3.000,raw,1781435607.206,anchor_04,-75.000
3.750,3.000,raw,1781435607.529,anchor_03,-77.000
3.750,3.000,raw,1781435608.122,anchor_02,-76.000
3.750,3.000,raw,1781435608.127,anchor_04,-67.000
3.750,3.000,raw,1781435608.175,anchor_04,-68.000
3.750,3.000,raw,1781435608.477,anchor_01,-69.000
3.750,3.000,raw,1781435608.536,anchor_01,-66.000
3.750,3.000,raw,1781435608.640,anchor_03,-79.000
3.750,3.000,raw,1781435608.843,anchor_03,-76.000
3.750,3.000,raw,1781435608.843,anchor_03,-78.000
3.750,3.000,raw,1781435609.206,anchor_04,-69.000
3.750,3.000,raw,1781435609.249,anchor_02,-81.000
3.750,3.000,raw,1781435609.470,anchor_04,-67.000
3.750,3.000,raw,1781435609.494,anchor_01,-67.000
3.750,3.000,raw,1781435609.669,anchor_03,-79.000
3.750,3.000,raw,1781435609.876,anchor_03,-76.000
3.750,3.000,raw,1781435610.210,anchor_02,-71.000
3.750,3.000,raw,1781435610.319,anchor_04,-65.000
3.750,3.000,raw,1781435610.389,anchor_02,-72.000
3.750,3.000,raw,1781435610.418,anchor_04,-70.000
3.750,3.000,raw,1781435610.583,anchor_01,-67.000
3.750,3.000,raw,1781435610.744,anchor_03,-84.000
3.750,3.000,raw,1781435611.104,anchor_03,-74.000
3.750,3.000,raw,1781435611.297,anchor_02,-73.000
3.750,3.000,raw,1781435611.339,anchor_04,-67.000
3.750,3.000,raw,1781435611.650,anchor_01,-69.000
3.750,3.000,raw,1781435611.714,anchor_01,-69.000
3.750,3.000,raw,1781435611.714,anchor_01,-69.000
3.750,3.000,raw,1781435611.714,anchor_01,-69.000
3.750,3.000,raw,1781435611.809,anchor_03,-77.000
3.750,3.000,raw,1781435612.028,anchor_03,-75.000
3.750,3.000,raw,1781435612.377,anchor_04,-67.000
3.750,3.000,raw,1781435612.426,anchor_02,-71.000
3.750,3.000,raw,1781435612.440,anchor_04,-68.000
3.750,3.000,raw,1781435612.744,anchor_01,-67.000
3.750,3.000,raw,1781435612.832,anchor_01,-69.000
3.750,3.000,raw,1781435613.372,anchor_02,-78.000
3.750,3.000,raw,1781435613.480,anchor_04,-67.000
3.750,3.000,raw,1781435613.558,anchor_02,-70.000
3.750,3.000,raw,1781435613.773,anchor_01,-68.000
3.750,3.000,raw,1781435613.907,anchor_03,-85.000
3.750,3.000,raw,1781435613.965,anchor_03,-83.000
3.750,3.000,raw,1781435614.859,anchor_01,-69.000
3.750,3.000,raw,1781435614.983,anchor_03,-76.000
3.750,3.000,raw,1781435614.992,anchor_01,-69.000
3.750,3.000,raw,1781435614.992,anchor_01,-68.000
3.750,3.000,raw,1781435614.993,anchor_01,-69.000
3.750,3.000,raw,1781435615.208,anchor_03,-79.000
3.750,3.000,raw,1781435615.528,anchor_04,-66.000
3.750,3.000,raw,1781435615.548,anchor_02,-71.000
3.750,3.000,raw,1781435615.578,anchor_04,-66.000
3.750,3.000,raw,1781435615.719,anchor_02,-79.000
3.750,3.000,raw,1781435615.719,anchor_02,-80.000
3.750,3.000,raw,1781435616.087,anchor_03,-84.000
3.750,3.000,raw,1781435616.651,anchor_04,-67.000
3.750,3.000,raw,1781435616.733,anchor_04,-67.000
3.750,3.000,raw,1781435617.013,anchor_01,-69.000
3.750,3.000,raw,1781435617.073,anchor_01,-68.000
3.750,3.000,raw,1781435617.246,anchor_03,-77.000
3.750,3.000,raw,1781435617.585,anchor_02,-71.000
3.750,3.000,raw,1781435617.667,anchor_04,-67.000
3.750,3.000,raw,1781435617.971,anchor_04,-67.000
3.750,3.000,raw,1781435617.971,anchor_04,-67.000
3.750,3.000,raw,1781435618.055,anchor_01,-68.000
3.750,3.000,raw,1781435618.164,anchor_03,-77.000
3.750,3.000,raw,1781435618.718,anchor_02,-71.000
3.750,3.000,raw,1781435618.778,anchor_04,-67.000
3.750,3.000,raw,1781435618.783,anchor_02,-71.000
3.750,3.000,raw,1781435618.893,anchor_04,-69.000
3.750,3.000,raw,1781435619.079,anchor_01,-68.000
3.750,3.000,raw,1781435619.132,anchor_01,-69.000
3.750,3.000,raw,1781435619.132,anchor_01,-70.000
3.750,3.000,raw,1781435619.243,anchor_03,-75.000
3.750,3.000,raw,1781435619.292,anchor_03,-74.000
3.750,3.000,raw,1781435619.292,anchor_03,-74.000
3.750,3.000,raw,1781435619.725,anchor_02,-73.000
3.750,3.000,raw,1781435619.827,anchor_04,-71.000
3.750,3.000,raw,1781435620.206,anchor_01,-68.000
3.750,3.000,raw,1781435620.418,anchor_03,-74.000
3.750,3.000,raw,1781435620.789,anchor_02,-73.000
3.750,3.000,raw,1781435620.929,anchor_02,-71.000
3.750,3.000,raw,1781435620.931,anchor_04,-70.000
3.750,3.000,raw,1781435621.293,anchor_01,-66.000
3.750,3.000,raw,1781435621.335,anchor_03,-77.000
3.750,3.000,raw,1781435621.388,anchor_03,-76.000
5.500,2.000,raw,1781435985.177,anchor_02,-72.000
5.500,2.000,raw,1781435985.188,anchor_03,-68.000
5.500,2.000,raw,1781435985.425,anchor_04,-69.000
5.500,2.000,raw,1781435985.894,anchor_01,-70.000
5.500,2.000,raw,1781435986.099,anchor_03,-75.000
5.500,2.000,raw,1781435986.106,anchor_01,-69.000
5.500,2.000,raw,1781435986.138,anchor_02,-84.000
5.500,2.000,raw,1781435986.507,anchor_04,-70.000
5.500,2.000,raw,1781435986.615,anchor_04,-68.000
5.500,2.000,raw,1781435986.615,anchor_04,-68.000
5.500,2.000,raw,1781435987.057,anchor_03,-66.000
5.500,2.000,raw,1781435987.223,anchor_02,-77.000
5.500,2.000,raw,1781435987.233,anchor_03,-74.000
5.500,2.000,raw,1781435987.233,anchor_03,-66.000
5.500,2.000,raw,1781435987.367,anchor_02,-83.000
5.500,2.000,raw,1781435987.568,anchor_04,-71.000
5.500,2.000,raw,1781435987.954,anchor_01,-69.000
5.500,2.000,raw,1781435988.010,anchor_01,-78.000
5.500,2.000,raw,1781435988.145,anchor_03,-65.000
5.500,2.000,raw,1781435988.281,anchor_02,-72.000
5.500,2.000,raw,1781435988.661,anchor_04,-70.000
5.500,2.000,raw,1781435989.024,anchor_01,-74.000
5.500,2.000,raw,1781435989.081,anchor_04,-71.000
5.500,2.000,raw,1781435989.081,anchor_04,-70.000
5.500,2.000,raw,1781435989.212,anchor_03,-65.000
5.500,2.000,raw,1781435989.313,anchor_02,-72.000
5.500,2.000,raw,1781435989.411,anchor_02,-83.000
5.500,2.000,raw,1781435989.990,anchor_04,-70.000
5.500,2.000,raw,1781435990.147,anchor_01,-77.000
5.500,2.000,raw,1781435990.207,anchor_04,-72.000
5.500,2.000,raw,1781435990.207,anchor_04,-71.000
5.500,2.000,raw,1781435990.345,anchor_01,-71.000
5.500,2.000,raw,1781435990.345,anchor_01,-75.000
5.500,2.000,raw,1781435990.398,anchor_03,-68.000
5.500,2.000,raw,1781435990.527,anchor_03,-65.000
5.500,2.000,raw,1781435990.811,anchor_04,-69.000
5.500,2.000,raw,1781435990.924,anchor_04,-69.000
5.500,2.000,raw,1781435990.924,anchor_04,-66.000
5.500,2.000,raw,1781435990.925,anchor_04,-71.000
5.500,2.000,raw,1781435990.925,anchor_04,-67.000
5.500,2.000,raw,1781435991.164,anchor_01,-77.000
5.500,2.000,raw,1781435991.330,anchor_01,-69.000
5.500,2.000,raw,1781435991.330,anchor_01,-77.000
5.500,2.000,raw,1781435991.349,anchor_03,-68.000
5.500,2.000,raw,1781435991.528,anchor_02,-81.000
5.500,2.000,raw,1781435991.539,anchor_03,-65.000
5.500,2.000,raw,1781435991.539,anchor_03,-76.000
5.500,2.000,raw,1781435991.934,anchor_04,-71.000
5.500,2.000,raw,1781435992.253,anchor_01,-70.000
5.500,2.000,raw,1781435992.448,anchor_03,-68.000
5.500,2.000,raw,1781435992.450,anchor_02,-82.000
5.500,2.000,raw,1781435992.585,anchor_03,-68.000
5.500,2.000,raw,1781435992.585,anchor_03,-68.000
5.500,2.000,raw,1781435992.985,anchor_04,-70.000
5.500,2.000,raw,1781435993.179,anchor_04,-72.000
5.500,2.000,raw,1781435993.179,anchor_04,-70.000
5.500,2.000,raw,1781435993.375,anchor_01,-69.000
5.500,2.000,raw,1781435993.507,anchor_02,-77.000
5.500,2.000,raw,1781435993.573,anchor_03,-68.000
5.500,2.000,raw,1781435993.720,anchor_03,-67.000
5.500,2.000,raw,1781435994.085,anchor_04,-70.000
5.500,2.000,raw,1781435994.140,anchor_04,-70.000
5.500,2.000,raw,1781435994.605,anchor_03,-65.000
5.500,2.000,raw,1781435995.169,anchor_04,-69.000
5.500,2.000,raw,1781435995.416,anchor_01,-75.000
5.500,2.000,raw,1781435995.557,anchor_01,-69.000
5.500,2.000,raw,1781435995.580,anchor_02,-75.000
5.500,2.000,raw,1781435995.658,anchor_03,-69.000
5.500,2.000,raw,1781435995.731,anchor_03,-74.000
5.500,2.000,raw,1781435996.479,anchor_01,-69.000
5.500,2.000,raw,1781435996.530,anchor_01,-74.000
5.500,2.000,raw,1781435996.531,anchor_01,-75.000
5.500,2.000,raw,1781435996.661,anchor_02,-84.000
5.500,2.000,raw,1781435996.747,anchor_03,-68.000
5.500,2.000,raw,1781435996.760,anchor_02,-87.000
5.500,2.000,raw,1781435997.259,anchor_04,-67.000
5.500,2.000,raw,1781435997.418,anchor_04,-70.000
5.500,2.000,raw,1781435997.584,anchor_01,-78.000
5.500,2.000,raw,1781435997.785,anchor_03,-67.000
5.500,2.000,raw,1781435997.876,anchor_02,-77.000
5.500,2.000,raw,1781435997.882,anchor_03,-66.000
5.500,2.000,raw,1781435997.986,anchor_02,-82.000
5.500,2.000,raw,1781435997.986,anchor_02,-79.000
5.500,2.000,raw,1781435998.387,anchor_04,-72.000
5.500,2.000,raw,1781435998.592,anchor_01,-69.000
5.500,2.000,raw,1781435998.796,anchor_02,-72.000
5.500,2.000,raw,1781435998.886,anchor_03,-78.000
5.500,2.000,raw,1781435998.913,anchor_02,-74.000
5.500,2.000,raw,1781435998.914,anchor_02,-75.000
5.500,2.000,raw,1781435999.322,anchor_03,-68.000
5.500,2.000,raw,1781435999.340,anchor_04,-68.000
5.500,2.000,raw,1781435999.652,anchor_01,-76.000
5.500,2.000,raw,1781435999.713,anchor_01,-76.000
5.500,2.000,raw,1781435999.713,anchor_01,-70.000
5.500,2.000,raw,1781435999.834,anchor_04,-68.000
5.500,2.000,raw,1781435999.874,anchor_02,-75.000
5.500,2.000,raw,1781435999.923,anchor_03,-76.000
5.500,2.000,raw,1781436000.746,anchor_01,-77.000
5.500,2.000,raw,1781436000.850,anchor_01,-77.000
5.500,2.000,raw,1781436000.984,anchor_03,-68.000
5.500,2.000,raw,1781436001.154,anchor_02,-76.000
5.500,2.000,raw,1781436001.497,anchor_04,-70.000
5.500,2.000,raw,1781436001.576,anchor_04,-69.000
5.500,2.000,raw,1781436001.870,anchor_01,-70.000
5.500,2.000,raw,1781436002.051,anchor_03,-67.000
5.500,2.000,raw,1781436002.513,anchor_04,-67.000
5.500,2.000,raw,1781436002.719,anchor_04,-69.000
5.500,2.000,raw,1781436002.999,anchor_01,-77.000
5.500,2.000,raw,1781436003.002,anchor_02,-75.000
5.500,2.000,raw,1781436003.047,anchor_01,-77.000
5.500,2.000,raw,1781436003.098,anchor_03,-68.000
5.500,2.000,raw,1781436003.209,anchor_03,-68.000
5.500,2.000,raw,1781436003.209,anchor_03,-65.000
5.500,2.000,raw,1781436003.209,anchor_03,-76.000
5.500,2.000,raw,1781436003.213,anchor_02,-75.000
5.500,2.000,raw,1781436003.213,anchor_02,-75.000
5.500,2.000,raw,1781436003.646,anchor_04,-71.000
5.500,2.000,raw,1781436003.729,anchor_04,-68.000
5.500,2.000,raw,1781436003.729,anchor_04,-69.000
5.500,2.000,raw,1781436003.916,anchor_01,-72.000
5.500,2.000,raw,1781436004.120,anchor_02,-86.000
5.500,2.000,raw,1781436004.134,anchor_01,-71.000
5.500,2.000,raw,1781436004.134,anchor_01,-69.000
5.500,2.000,raw,1781436004.172,anchor_03,-77.000
5.500,2.000,raw,1781436004.669,anchor_04,-69.000
5.500,2.000,raw,1781436005.042,anchor_01,-77.000
5.500,2.000,raw,1781436005.246,anchor_03,-70.000
5.500,2.000,raw,1781436005.246,anchor_02,-76.000
5.500,2.000,raw,1781436005.259,anchor_01,-71.000
5.500,2.000,raw,1781436005.586,anchor_03,-64.000
5.500,2.000,raw,1781436005.876,anchor_04,-68.000
5.500,2.000,raw,1781436006.078,anchor_01,-76.000
5.500,2.000,raw,1781436006.232,anchor_02,-83.000
5.500,2.000,raw,1781436006.373,anchor_03,-65.000
5.500,2.000,raw,1781436006.596,anchor_03,-76.000
5.500,2.000,raw,1781436006.783,anchor_04,-68.000
5.500,2.000,raw,1781436007.131,anchor_01,-76.000
5.500,2.000,raw,1781436007.254,anchor_02,-75.000
5.500,2.000,raw,1781436007.335,anchor_01,-70.000
5.500,2.000,raw,1781436007.335,anchor_01,-76.000
5.500,2.000,raw,1781436007.502,anchor_03,-67.000
5.500,2.000,raw,1781436007.743,anchor_03,-75.000
5.500,2.000,raw,1781436007.823,anchor_04,-71.000
5.500,2.000,raw,1781436008.057,anchor_04,-67.000
5.500,2.000,raw,1781436008.227,anchor_01,-77.000
5.500,2.000,raw,1781436008.429,anchor_03,-74.000
5.500,2.000,raw,1781436008.429,anchor_02,-83.000
5.500,2.000,raw,1781436008.565,anchor_03,-75.000
5.500,2.000,raw,1781436008.935,anchor_04,-71.000
5.500,2.000,raw,1781436009.305,anchor_01,-77.000
5.500,2.000,raw,1781436009.343,anchor_02,-72.000
5.500,2.000,raw,1781436009.502,anchor_03,-75.000
5.500,2.000,raw,1781436009.548,anchor_02,-71.000
5.500,2.000,raw,1781436009.958,anchor_04,-69.000
5.500,2.000,raw,1781436010.318,anchor_01,-75.000
5.500,2.000,raw,1781436010.683,anchor_03,-75.000
5.500,2.000,raw,1781436010.796,anchor_03,-75.000
5.500,2.000,raw,1781436010.981,anchor_04,-67.000
5.500,2.000,raw,1781436011.223,anchor_04,-68.000
5.500,2.000,raw,1781436011.391,anchor_01,-70.000
5.500,2.000,raw,1781436011.470,anchor_02,-71.000
5.500,2.000,raw,1781436011.541,anchor_02,-75.000
5.500,2.000,raw,1781436011.542,anchor_02,-71.000
5.500,2.000,raw,1781436011.542,anchor_02,-75.000
5.500,2.000,raw,1781436011.598,anchor_01,-75.000
5.500,2.000,raw,1781436011.598,anchor_01,-68.000
5.500,2.000,raw,1781436011.598,anchor_01,-77.000
5.500,2.000,raw,1781436012.651,anchor_03,-75.000
5.500,2.000,raw,1781436012.712,anchor_03,-67.000
5.500,2.000,raw,1781436013.087,anchor_04,-68.000
5.500,2.000,raw,1781436013.580,anchor_02,-72.000
5.500,2.000,raw,1781436013.591,anchor_01,-77.000
5.500,2.000,raw,1781436013.653,anchor_02,-72.000
5.500,2.000,raw,1781436013.653,anchor_02,-82.000
5.500,2.000,raw,1781436013.658,anchor_04,-68.000
5.500,2.000,raw,1781436013.658,anchor_04,-98.000
5.500,2.000,raw,1781436013.702,anchor_01,-75.000
5.500,2.000,raw,1781436013.702,anchor_01,-70.000
5.500,2.000,raw,1781436013.703,anchor_01,-70.000
5.500,2.000,raw,1781436013.774,anchor_03,-67.000
5.500,2.000,raw,1781436013.957,anchor_03,-65.000
5.500,2.000,raw,1781436014.172,anchor_04,-67.000
5.500,2.000,raw,1781436014.365,anchor_04,-68.000
5.500,2.000,raw,1781436014.718,anchor_02,-76.000
5.500,2.000,raw,1781436014.772,anchor_02,-76.000
5.500,2.000,raw,1781436015.282,anchor_04,-70.000
5.500,2.000,raw,1781436015.645,anchor_01,-77.000
5.500,2.000,raw,1781436015.709,anchor_04,-69.000
5.500,2.000,raw,1781436015.735,anchor_02,-75.000
5.500,2.000,raw,1781436015.854,anchor_03,-76.000
5.500,2.000,raw,1781436016.005,anchor_03,-75.000
5.500,2.000,raw,1781436016.369,anchor_04,-68.000
5.500,2.000,raw,1781436016.424,anchor_04,-70.000
5.500,2.000,raw,1781436016.754,anchor_01,-69.000
5.500,2.000,raw,1781436016.825,anchor_02,-84.000
5.500,2.000,raw,1781436016.859,anchor_01,-69.000
5.500,2.000,raw,1781436016.931,anchor_03,-65.000
5.500,2.000,raw,1781436017.945,anchor_03,-74.000
5.500,2.000,raw,1781436018.048,anchor_02,-72.000
5.500,2.000,raw,1781436018.792,anchor_01,-69.000
5.500,2.000,raw,1781436018.879,anchor_02,-77.000
5.500,2.000,raw,1781436019.005,anchor_03,-67.000
5.500,2.000,raw,1781436019.077,anchor_03,-68.000
5.500,2.000,raw,1781436019.077,anchor_03,-65.000
5.500,2.000,raw,1781436019.077,anchor_03,-68.000
5.500,2.000,raw,1781436019.436,anchor_04,-70.000
5.500,2.000,raw,1781436019.598,anchor_04,-72.000
5.500,2.000,raw,1781436019.841,anchor_01,-76.000
5.500,2.000,raw,1781436019.927,anchor_02,-82.000
5.500,2.000,raw,1781436019.999,anchor_02,-85.000
5.500,2.000,raw,1781436020.003,anchor_01,-76.000
6.400,1.000,raw,1781436160.734,anchor_04,-72.000
6.400,1.000,raw,1781436160.734,anchor_04,-71.000
6.400,1.000,raw,1781436160.825,anchor_03,-65.000
6.400,1.000,raw,1781436161.116,anchor_03,-81.000
6.400,1.000,raw,1781436161.116,anchor_03,-64.000
6.400,1.000,raw,1781436161.209,anchor_01,-77.000
6.400,1.000,raw,1781436161.313,anchor_02,-76.000
6.400,1.000,raw,1781436161.466,anchor_02,-64.000
6.400,1.000,raw,1781436161.466,anchor_02,-65.000
6.400,1.000,raw,1781436161.728,anchor_04,-74.000
6.400,1.000,raw,1781436161.837,anchor_04,-71.000
6.400,1.000,raw,1781436161.837,anchor_04,-69.000
6.400,1.000,raw,1781436161.930,anchor_03,-78.000
6.400,1.000,raw,1781436162.040,anchor_03,-80.000
6.400,1.000,raw,1781436162.234,anchor_01,-77.000
6.400,1.000,raw,1781436162.446,anchor_02,-64.000
6.400,1.000,raw,1781436162.451,anchor_01,-76.000
6.400,1.000,raw,1781436162.583,anchor_02,-64.000
6.400,1.000,raw,1781436162.772,anchor_04,-73.000
6.400,1.000,raw,1781436162.818,anchor_04,-72.000
6.400,1.000,raw,1781436162.818,anchor_04,-70.000
6.400,1.000,raw,1781436162.986,anchor_03,-64.000
6.400,1.000,raw,1781436163.038,anchor_03,-80.000
6.400,1.000,raw,1781436163.039,anchor_03,-81.000
6.400,1.000,raw,1781436163.329,anchor_01,-84.000
6.400,1.000,raw,1781436163.387,anchor_02,-77.000
6.400,1.000,raw,1781436163.577,anchor_01,-84.000
6.400,1.000,raw,1781436163.589,anchor_02,-65.000
6.400,1.000,raw,1781436163.922,anchor_04,-70.000
6.400,1.000,raw,1781436164.078,anchor_03,-81.000
6.400,1.000,raw,1781436164.082,anchor_04,-73.000
6.400,1.000,raw,1781436164.082,anchor_04,-71.000
6.400,1.000,raw,1781436164.296,anchor_03,-61.000
6.400,1.000,raw,1781436164.296,anchor_03,-61.000
6.400,1.000,raw,1781436164.432,anchor_01,-77.000
6.400,1.000,raw,1781436164.486,anchor_02,-77.000
6.400,1.000,raw,1781436164.518,anchor_01,-78.000
6.400,1.000,raw,1781436164.518,anchor_01,-78.000
6.400,1.000,raw,1781436164.643,anchor_02,-66.000
6.400,1.000,raw,1781436164.643,anchor_02,-76.000
6.400,1.000,raw,1781436164.644,anchor_02,-66.000
6.400,1.000,raw,1781436164.999,anchor_04,-71.000
6.400,1.000,raw,1781436165.203,anchor_03,-82.000
6.400,1.000,raw,1781436165.217,anchor_04,-74.000
6.400,1.000,raw,1781436165.218,anchor_04,-69.000
6.400,1.000,raw,1781436165.420,anchor_03,-64.000
6.400,1.000,raw,1781436165.475,anchor_01,-82.000
6.400,1.000,raw,1781436165.579,anchor_02,-63.000
6.400,1.000,raw,1781436165.628,anchor_01,-77.000
6.400,1.000,raw,1781436165.652,anchor_02,-88.000
6.400,1.000,raw,1781436165.652,anchor_02,-65.000
6.400,1.000,raw,1781436165.653,anchor_02,-60.000
6.400,1.000,raw,1781436166.125,anchor_04,-74.000
6.400,1.000,raw,1781436166.299,anchor_03,-64.000
6.400,1.000,raw,1781436166.359,anchor_03,-62.000
6.400,1.000,raw,1781436166.359,anchor_03,-64.000
6.400,1.000,raw,1781436166.574,anchor_01,-83.000
6.400,1.000,raw,1781436166.680,anchor_02,-64.000
6.400,1.000,raw,1781436166.734,anchor_02,-65.000
6.400,1.000,raw,1781436166.734,anchor_02,-65.000
6.400,1.000,raw,1781436166.754,anchor_01,-77.000
6.400,1.000,raw,1781436166.754,anchor_01,-77.000
6.400,1.000,raw,1781436167.098,anchor_04,-69.000
6.400,1.000,raw,1781436167.281,anchor_04,-75.000
6.400,1.000,raw,1781436167.416,anchor_03,-82.000
6.400,1.000,raw,1781436167.481,anchor_03,-64.000
6.400,1.000,raw,1781436167.481,anchor_03,-61.000
6.400,1.000,raw,1781436167.481,anchor_03,-61.000
6.400,1.000,raw,1781436167.661,anchor_01,-76.000
6.400,1.000,raw,1781436167.878,anchor_01,-76.000
6.400,1.000,raw,1781436167.882,anchor_02,-65.000
6.400,1.000,raw,1781436167.974,anchor_02,-64.000
6.400,1.000,raw,1781436167.974,anchor_02,-65.000
6.400,1.000,raw,1781436168.173,anchor_04,-74.000
6.400,1.000,raw,1781436168.225,anchor_04,-69.000
6.400,1.000,raw,1781436168.225,anchor_04,-69.000
6.400,1.000,raw,1781436168.526,anchor_03,-61.000
6.400,1.000,raw,1781436168.583,anchor_03,-64.000
6.400,1.000,raw,1781436168.583,anchor_03,-66.000
6.400,1.000,raw,1781436168.715,anchor_01,-78.000
6.400,1.000,raw,1781436168.791,anchor_01,-77.000
6.400,1.000,raw,1781436168.900,anchor_02,-65.000
6.400,1.000,raw,1781436169.149,anchor_02,-77.000
6.400,1.000,raw,1781436169.299,anchor_04,-75.000
6.400,1.000,raw,1781436169.515,anchor_04,-71.000
6.400,1.000,raw,1781436169.531,anchor_03,-61.000
6.400,1.000,raw,1781436169.659,anchor_03,-64.000
6.400,1.000,raw,1781436169.915,anchor_01,-77.000
6.400,1.000,raw,1781436169.942,anchor_02,-66.000
6.400,1.000,raw,1781436170.021,anchor_02,-64.000
6.400,1.000,raw,1781436170.427,anchor_04,-73.000
6.400,1.000,raw,1781436170.630,anchor_03,-61.000
6.400,1.000,raw,1781436170.772,anchor_03,-64.000
6.400,1.000,raw,1781436170.835,anchor_01,-82.000
6.400,1.000,raw,1781436170.968,anchor_01,-77.000
6.400,1.000,raw,1781436170.968,anchor_01,-83.000
6.400,1.000,raw,1781436171.146,anchor_02,-77.000
6.400,1.000,raw,1781436171.361,anchor_02,-66.000
6.400,1.000,raw,1781436171.361,anchor_02,-64.000
6.400,1.000,raw,1781436171.383,anchor_04,-72.000
6.400,1.000,raw,1781436171.692,anchor_03,-64.000
6.400,1.000,raw,1781436171.758,anchor_03,-82.000
6.400,1.000,raw,1781436171.758,anchor_03,-82.000
6.400,1.000,raw,1781436171.758,anchor_03,-61.000
6.400,1.000,raw,1781436171.769,anchor_04,-73.000
6.400,1.000,raw,1781436171.769,anchor_04,-71.000
6.400,1.000,raw,1781436171.911,anchor_01,-82.000
6.400,1.000,raw,1781436172.094,anchor_02,-77.000
6.400,1.000,raw,1781436172.144,anchor_02,-64.000
6.400,1.000,raw,1781436172.474,anchor_01,-82.000
6.400,1.000,raw,1781436172.474,anchor_01,-77.000
6.400,1.000,raw,1781436172.475,anchor_04,-70.000
6.400,1.000,raw,1781436172.519,anchor_04,-75.000
6.400,1.000,raw,1781436172.809,anchor_03,-64.000
6.400,1.000,raw,1781436172.893,anchor_03,-61.000
6.400,1.000,raw,1781436173.190,anchor_02,-64.000
6.400,1.000,raw,1781436173.551,anchor_04,-71.000
6.400,1.000,raw,1781436173.857,anchor_03,-61.000
6.400,1.000,raw,1781436174.215,anchor_02,-63.000
6.400,1.000,raw,1781436174.326,anchor_02,-64.000
6.400,1.000,raw,1781436174.728,anchor_04,-70.000
6.400,1.000,raw,1781436174.872,anchor_04,-73.000
6.400,1.000,raw,1781436174.947,anchor_03,-81.000
6.400,1.000,raw,1781436175.043,anchor_03,-62.000
6.400,1.000,raw,1781436175.061,anchor_01,-77.000
6.400,1.000,raw,1781436175.136,anchor_01,-80.000
6.400,1.000,raw,1781436175.285,anchor_02,-65.000
6.400,1.000,raw,1781436175.454,anchor_02,-65.000
6.400,1.000,raw,1781436175.454,anchor_02,-66.000
6.400,1.000,raw,1781436175.660,anchor_04,-73.000
6.400,1.000,raw,1781436175.980,anchor_03,-65.000
6.400,1.000,raw,1781436176.062,anchor_03,-68.000
6.400,1.000,raw,1781436176.075,anchor_04,-75.000
6.400,1.000,raw,1781436176.075,anchor_04,-70.000
6.400,1.000,raw,1781436176.160,anchor_01,-83.000
6.400,1.000,raw,1781436176.374,anchor_02,-64.000
6.400,1.000,raw,1781436176.436,anchor_02,-64.000
6.400,1.000,raw,1781436176.436,anchor_02,-63.000
6.400,1.000,raw,1781436177.084,anchor_03,-80.000
6.400,1.000,raw,1781436177.186,anchor_01,-78.000
6.400,1.000,raw,1781436177.190,anchor_03,-64.000
6.400,1.000,raw,1781436177.497,anchor_02,-64.000
6.400,1.000,raw,1781436177.708,anchor_02,-64.000
6.400,1.000,raw,1781436177.843,anchor_04,-71.000
6.400,1.000,raw,1781436177.906,anchor_04,-73.000
6.400,1.000,raw,1781436177.906,anchor_04,-74.000
6.400,1.000,raw,1781436178.115,anchor_03,-64.000
6.400,1.000,raw,1781436178.213,anchor_03,-62.000
6.400,1.000,raw,1781436178.246,anchor_01,-83.000
6.400,1.000,raw,1781436178.432,anchor_01,-77.000
6.400,1.000,raw,1781436178.619,anchor_02,-65.000
6.400,1.000,raw,1781436178.868,anchor_04,-70.000
6.400,1.000,raw,1781436178.956,anchor_04,-70.000
6.400,1.000,raw,1781436178.956,anchor_04,-72.000
6.400,1.000,raw,1781436179.202,anchor_03,-61.000
6.400,1.000,raw,1781436179.336,anchor_01,-77.000
6.400,1.000,raw,1781436179.593,anchor_02,-64.000
6.400,1.000,raw,1781436180.256,anchor_03,-61.000
6.400,1.000,raw,1781436180.358,anchor_01,-77.000
6.400,1.000,raw,1781436180.988,anchor_04,-71.000
6.400,1.000,raw,1781436181.044,anchor_04,-70.000
6.400,1.000,raw,1781436181.281,anchor_03,-64.000
6.400,1.000,raw,1781436181.390,anchor_03,-64.000
6.400,1.000,raw,1781436181.390,anchor_03,-64.000
6.400,1.000,raw,1781436181.420,anchor_01,-83.000
6.400,1.000,raw,1781436181.618,anchor_01,-76.000
6.400,1.000,raw,1781436181.618,anchor_01,-78.000
6.400,1.000,raw,1781436181.794,anchor_02,-63.000
6.400,1.000,raw,1781436181.933,anchor_02,-64.000
6.400,1.000,raw,1781436182.219,anchor_04,-72.000
6.400,1.000,raw,1781436182.411,anchor_03,-64.000
6.400,1.000,raw,1781436182.510,anchor_01,-77.000
6.400,1.000,raw,1781436182.521,anchor_03,-80.000
6.400,1.000,raw,1781436182.521,anchor_03,-61.000
6.400,1.000,raw,1781436182.730,anchor_02,-63.000
6.400,1.000,raw,1781436183.125,anchor_04,-70.000
6.400,1.000,raw,1781436183.287,anchor_04,-73.000
6.400,1.000,raw,1781436183.467,anchor_03,-64.000
6.400,1.000,raw,1781436183.637,anchor_03,-64.000
6.400,1.000,raw,1781436183.637,anchor_03,-61.000
6.400,1.000,raw,1781436183.637,anchor_03,-58.000
6.400,1.000,raw,1781436184.183,anchor_04,-70.000
6.400,1.000,raw,1781436184.574,anchor_01,-77.000
6.400,1.000,raw,1781436184.596,anchor_03,-61.000
6.400,1.000,raw,1781436184.774,anchor_03,-64.000
6.400,1.000,raw,1781436184.777,anchor_01,-76.000
6.400,1.000,raw,1781436184.803,anchor_02,-76.000
6.400,1.000,raw,1781436185.181,anchor_02,-65.000
6.400,1.000,raw,1781436185.181,anchor_02,-64.000
6.400,1.000,raw,1781436185.278,anchor_04,-74.000
6.400,1.000,raw,1781436185.491,anchor_04,-70.000
6.400,1.000,raw,1781436185.836,anchor_01,-77.000
6.400,1.000,raw,1781436185.891,anchor_03,-80.000
6.400,1.000,raw,1781436185.896,anchor_01,-76.000
6.400,1.000,raw,1781436185.896,anchor_02,-64.000
6.400,1.000,raw,1781436186.027,anchor_03,-62.000
6.400,1.000,raw,1781436186.028,anchor_03,-62.000
6.400,1.000,raw,1781436186.298,anchor_04,-74.000
6.400,1.000,raw,1781436186.412,anchor_04,-71.000
6.400,1.000,raw,1781436186.755,anchor_01,-79.000
6.400,1.000,raw,1781436186.762,anchor_03,-80.000
6.400,1.000,raw,1781436186.808,anchor_03,-62.000
6.400,1.000,raw,1781436186.808,anchor_03,-61.000
6.400,1.000,raw,1781436186.814,anchor_01,-77.000
6.400,1.000,raw,1781436186.944,anchor_02,-79.000
6.400,1.000,raw,1781436187.246,anchor_02,-64.000
6.400,1.000,raw,1781436187.246,anchor_02,-78.000
6.400,1.000,raw,1781436187.364,anchor_04,-73.000
6.400,1.000,raw,1781436187.414,anchor_04,-75.000
6.400,1.000,raw,1781436187.414,anchor_04,-71.000
6.400,1.000,raw,1781436187.873,anchor_03,-80.000
6.400,1.000,raw,1781436187.954,anchor_03,-62.000
6.400,1.000,raw,1781436187.954,anchor_03,-64.000
6.400,1.000,raw,1781436188.054,anchor_02,-65.000
6.400,1.000,raw,1781436188.460,anchor_04,-71.000
6.400,1.000,raw,1781436188.666,anchor_04,-72.000
6.400,1.000,raw,1781436188.991,anchor_01,-77.000
6.400,1.000,raw,1781436189.067,anchor_03,-65.000
6.400,1.000,raw,1781436189.069,anchor_01,-80.000
6.400,1.000,raw,1781436189.095,anchor_02,-64.000
6.400,1.000,raw,1781436189.573,anchor_04,-72.000
6.400,1.000,raw,1781436189.984,anchor_03,-79.000
6.400,1.000,raw,1781436190.154,anchor_02,-66.000
6.400,1.000,raw,1781436190.214,anchor_04,-73.000
6.400,1.000,raw,1781436190.214,anchor_03,-64.000
6.400,1.000,raw,1781436190.214,anchor_03,-78.000
6.400,1.000,raw,1781436190.908,anchor_01,-77.000
6.400,1.000,raw,1781436190.919,anchor_04,-73.000
6.400,1.000,raw,1781436191.053,anchor_01,-76.000
6.400,1.000,raw,1781436191.078,anchor_03,-64.000
6.400,1.000,raw,1781436191.220,anchor_02,-78.000
6.400,1.000,raw,1781436191.316,anchor_02,-63.000
6.400,1.000,raw,1781436191.316,anchor_02,-64.000
6.400,1.000,raw,1781436191.325,anchor_03,-62.000
6.400,1.000,raw,1781436191.654,anchor_04,-70.000
6.400,1.000,raw,1781436191.842,anchor_04,-72.000
6.400,1.000,raw,1781436191.978,anchor_01,-76.000
6.400,1.000,raw,1781436192.040,anchor_01,-76.000
6.400,1.000,raw,1781436192.244,anchor_03,-64.000
6.400,1.000,raw,1781436192.337,anchor_02,-65.000
6.400,1.000,raw,1781436192.343,anchor_03,-64.000
6.400,1.000,raw,1781436192.556,anchor_02,-78.000
6.400,1.000,raw,1781436192.556,anchor_02,-77.000
6.400,1.000,raw,1781436192.754,anchor_04,-71.000
6.400,1.000,raw,1781436192.905,anchor_04,-74.000
6.400,1.000,raw,1781436192.905,anchor_04,-74.000
6.400,1.000,raw,1781436193.088,anchor_01,-84.000
6.400,1.000,raw,1781436193.272,anchor_03,-64.000
6.400,1.000,raw,1781436193.365,anchor_03,-62.000
6.400,1.000,raw,1781436193.365,anchor_03,-64.000
6.400,1.000,raw,1781436193.378,anchor_02,-77.000
6.400,1.000,raw,1781436193.482,anchor_02,-65.000
6.400,1.000,raw,1781436193.482,anchor_02,-65.000
6.400,1.000,raw,1781436193.825,anchor_04,-70.000
6.400,1.000,raw,1781436194.095,anchor_01,-77.000
6.400,1.000,raw,1781436194.297,anchor_03,-64.000
6.400,1.000,raw,1781436194.390,anchor_03,-62.000
6.400,1.000,raw,1781436194.490,anchor_02,-64.000
6.400,1.000,raw,1781436194.859,anchor_04,-70.000
6.400,1.000,raw,1781436195.017,anchor_04,-74.000
6.400,1.000,raw,1781436195.017,anchor_04,-74.000
6.400,1.000,raw,1781436195.144,anchor_01,-81.000
6.400,1.000,raw,1781436195.204,anchor_01,-83.000
6.400,1.000,raw,1781436195.369,anchor_03,-79.000
6.400,1.000,raw,1781436195.515,anchor_02,-65.000
6.400,1.000,raw,1781436195.528,anchor_03,-64.000
6.400,1.000,raw,1781436195.528,anchor_03,-79.000
6.400,1.000,raw,1781436195.569,anchor_02,-64.000
6.400,1.000,raw,1781436195.569,anchor_02,-66.000
6.400,1.000,raw,1781436195.721,anchor_02,-65.000
6.400,3.000,raw,1781436297.901,anchor_04,-63.000
6.400,3.000,raw,1781436298.037,anchor_03,-67.000
6.400,3.000,raw,1781436298.173,anchor_01,-84.000
6.400,3.000,raw,1781436298.577,anchor_02,-66.000
6.400,3.000,raw,1781436298.636,anchor_02,-82.000
6.400,3.000,raw,1781436298.636,anchor_02,-71.000
6.400,3.000,raw,1781436298.944,anchor_04,-64.000
6.400,3.000,raw,1781436298.988,anchor_03,-66.000
6.400,3.000,raw,1781436299.193,anchor_01,-75.000
6.400,3.000,raw,1781436299.365,anchor_03,-66.000
6.400,3.000,raw,1781436299.365,anchor_03,-65.000
6.400,3.000,raw,1781436299.365,anchor_03,-66.000
6.400,3.000,raw,1781436299.670,anchor_02,-82.000
6.400,3.000,raw,1781436299.970,anchor_04,-63.000
6.400,3.000,raw,1781436300.094,anchor_04,-64.000
6.400,3.000,raw,1781436300.105,anchor_03,-65.000
6.400,3.000,raw,1781436300.495,anchor_03,-67.000
6.400,3.000,raw,1781436300.780,anchor_02,-65.000
6.400,3.000,raw,1781436301.005,anchor_02,-79.000
6.400,3.000,raw,1781436301.005,anchor_02,-72.000
6.400,3.000,raw,1781436301.005,anchor_02,-79.000
6.400,3.000,raw,1781436301.027,anchor_04,-60.000
6.400,3.000,raw,1781436301.197,anchor_03,-66.000
6.400,3.000,raw,1781436301.209,anchor_04,-60.000
6.400,3.000,raw,1781436301.209,anchor_04,-64.000
6.400,3.000,raw,1781436301.210,anchor_04,-61.000
6.400,3.000,raw,1781436301.347,anchor_03,-64.000
6.400,3.000,raw,1781436301.347,anchor_03,-65.000
6.400,3.000,raw,1781436301.411,anchor_01,-75.000
6.400,3.000,raw,1781436301.929,anchor_02,-80.000
6.400,3.000,raw,1781436302.131,anchor_02,-66.000
6.400,3.000,raw,1781436302.154,anchor_04,-65.000
6.400,3.000,raw,1781436302.275,anchor_03,-65.000
6.400,3.000,raw,1781436302.323,anchor_01,-74.000
6.400,3.000,raw,1781436302.323,anchor_03,-66.000
6.400,3.000,raw,1781436302.323,anchor_03,-67.000
6.400,3.000,raw,1781436302.463,anchor_01,-89.000
6.400,3.000,raw,1781436302.545,anchor_04,-61.000
6.400,3.000,raw,1781436302.545,anchor_04,-65.000
6.400,3.000,raw,1781436302.937,anchor_02,-79.000
6.400,3.000,raw,1781436303.054,anchor_02,-72.000
6.400,3.000,raw,1781436303.244,anchor_04,-66.000
6.400,3.000,raw,1781436303.386,anchor_01,-82.000
6.400,3.000,raw,1781436303.412,anchor_03,-66.000
6.400,3.000,raw,1781436303.443,anchor_01,-74.000
6.400,3.000,raw,1781436303.480,anchor_03,-66.000
6.400,3.000,raw,1781436303.480,anchor_03,-65.000
6.400,3.000,raw,1781436303.480,anchor_03,-65.000
6.400,3.000,raw,1781436303.480,anchor_03,-65.000
6.400,3.000,raw,1781436304.316,anchor_04,-65.000
6.400,3.000,raw,1781436304.509,anchor_03,-64.000
6.400,3.000,raw,1781436304.511,anchor_01,-74.000
6.400,3.000,raw,1781436304.588,anchor_04,-66.000
6.400,3.000,raw,1781436304.588,anchor_04,-66.000
6.400,3.000,raw,1781436304.723,anchor_01,-74.000
6.400,3.000,raw,1781436304.723,anchor_01,-81.000
6.400,3.000,raw,1781436305.054,anchor_02,-72.000
6.400,3.000,raw,1781436305.116,anchor_02,-66.000
6.400,3.000,raw,1781436305.428,anchor_04,-61.000
6.400,3.000,raw,1781436305.508,anchor_04,-62.000
6.400,3.000,raw,1781436305.616,anchor_03,-66.000
6.400,3.000,raw,1781436305.616,anchor_01,-89.000
6.400,3.000,raw,1781436305.816,anchor_03,-66.000
6.400,3.000,raw,1781436305.816,anchor_03,-67.000
6.400,3.000,raw,1781436306.071,anchor_02,-70.000
6.400,3.000,raw,1781436306.449,anchor_04,-66.000
6.400,3.000,raw,1781436306.625,anchor_01,-81.000
6.400,3.000,raw,1781436306.625,anchor_04,-61.000
6.400,3.000,raw,1781436306.625,anchor_04,-66.000
6.400,3.000,raw,1781436306.647,anchor_03,-66.000
6.400,3.000,raw,1781436306.736,anchor_01,-75.000
6.400,3.000,raw,1781436306.736,anchor_01,-86.000
6.400,3.000,raw,1781436306.736,anchor_03,-65.000
6.400,3.000,raw,1781436307.136,anchor_02,-79.000
6.400,3.000,raw,1781436307.349,anchor_02,-67.000
6.400,3.000,raw,1781436307.549,anchor_04,-65.000
6.400,3.000,raw,1781436307.677,anchor_04,-66.000
6.400,3.000,raw,1781436307.688,anchor_01,-85.000
6.400,3.000,raw,1781436307.750,anchor_03,-66.000
6.400,3.000,raw,1781436307.865,anchor_03,-67.000
6.400,3.000,raw,1781436307.866,anchor_03,-65.000
6.400,3.000,raw,1781436308.221,anchor_02,-73.000
6.400,3.000,raw,1781436308.605,anchor_04,-64.000
6.400,3.000,raw,1781436308.668,anchor_04,-66.000
6.400,3.000,raw,1781436308.779,anchor_01,-89.000
6.400,3.000,raw,1781436308.810,anchor_03,-66.000
6.400,3.000,raw,1781436308.876,anchor_03,-65.000
6.400,3.000,raw,1781436309.238,anchor_02,-65.000
6.400,3.000,raw,1781436309.710,anchor_04,-68.000
6.400,3.000,raw,1781436309.798,anchor_01,-77.000
6.400,3.000,raw,1781436309.810,anchor_04,-68.000
6.400,3.000,raw,1781436309.900,anchor_03,-66.000
6.400,3.000,raw,1781436309.939,anchor_01,-75.000
6.400,3.000,raw,1781436309.957,anchor_03,-66.000
6.400,3.000,raw,1781436309.957,anchor_03,-66.000
6.400,3.000,raw,1781436309.957,anchor_03,-66.000
6.400,3.000,raw,1781436310.310,anchor_02,-81.000
6.400,3.000,raw,1781436310.457,anchor_02,-67.000
6.400,3.000,raw,1781436310.750,anchor_04,-61.000
6.400,3.000,raw,1781436310.859,anchor_01,-76.000
6.400,3.000,raw,1781436310.908,anchor_01,-82.000
6.400,3.000,raw,1781436310.926,anchor_04,-59.000
6.400,3.000,raw,1781436310.926,anchor_04,-60.000
6.400,3.000,raw,1781436311.076,anchor_03,-64.000
6.400,3.000,raw,1781436311.260,anchor_03,-66.000
6.400,3.000,raw,1781436311.379,anchor_02,-73.000
6.400,3.000,raw,1781436311.846,anchor_04,-67.000
6.400,3.000,raw,1781436311.951,anchor_01,-86.000
6.400,3.000,raw,1781436312.157,anchor_03,-66.000
6.400,3.000,raw,1781436312.407,anchor_02,-71.000
6.400,3.000,raw,1781436312.887,anchor_04,-60.000
6.400,3.000,raw,1781436312.976,anchor_01,-89.000
6.400,3.000,raw,1781436313.129,anchor_03,-65.000
6.400,3.000,raw,1781436313.292,anchor_03,-64.000
6.400,3.000,raw,1781436313.292,anchor_03,-65.000
6.400,3.000,raw,1781436313.486,anchor_02,-70.000
6.400,3.000,raw,1781436313.499,anchor_01,-75.000
6.400,3.000,raw,1781436313.499,anchor_01,-83.000
6.400,3.000,raw,1781436313.636,anchor_02,-85.000
6.400,3.000,raw,1781436313.636,anchor_02,-85.000
6.400,3.000,raw,1781436313.984,anchor_04,-60.000
6.400,3.000,raw,1781436314.230,anchor_03,-65.000
6.400,3.000,raw,1781436314.410,anchor_04,-60.000
6.400,3.000,raw,1781436314.410,anchor_04,-66.000
6.400,3.000,raw,1781436314.420,anchor_03,-65.000
6.400,3.000,raw,1781436314.420,anchor_03,-65.000
6.400,3.000,raw,1781436314.552,anchor_02,-66.000
6.400,3.000,raw,1781436315.023,anchor_04,-60.000
6.400,3.000,raw,1781436315.330,anchor_03,-66.000
6.400,3.000,raw,1781436315.333,anchor_01,-77.000
6.400,3.000,raw,1781436315.477,anchor_04,-70.000
6.400,3.000,raw,1781436315.477,anchor_04,-69.000
6.400,3.000,raw,1781436315.482,anchor_01,-86.000
6.400,3.000,raw,1781436315.486,anchor_03,-67.000
6.400,3.000,raw,1781436315.487,anchor_03,-66.000
6.400,3.000,raw,1781436315.741,anchor_02,-66.000
6.400,3.000,raw,1781436316.147,anchor_04,-63.000
6.400,3.000,raw,1781436316.264,anchor_04,-65.000
6.400,3.000,raw,1781436316.404,anchor_03,-66.000
6.400,3.000,raw,1781436316.669,anchor_03,-66.000
6.400,3.000,raw,1781436317.185,anchor_04,-60.000
6.400,3.000,raw,1781436317.255,anchor_04,-66.000
6.400,3.000,raw,1781436317.255,anchor_04,-64.000
6.400,3.000,raw,1781436317.545,anchor_03,-65.000
6.400,3.000,raw,1781436317.624,anchor_03,-65.000
6.400,3.000,raw,1781436317.624,anchor_03,-68.000
6.400,3.000,raw,1781436317.712,anchor_02,-66.000
6.400,3.000,raw,1781436318.261,anchor_01,-83.000
6.400,3.000,raw,1781436318.302,anchor_04,-60.000
6.400,3.000,raw,1781436318.714,anchor_03,-66.000
6.400,3.000,raw,1781436318.718,anchor_02,-85.000
6.400,3.000,raw,1781436318.837,anchor_03,-67.000
6.400,3.000,raw,1781436318.926,anchor_02,-70.000
6.400,3.000,raw,1781436318.926,anchor_02,-71.000
6.400,3.000,raw,1781436318.926,anchor_02,-84.000
6.400,3.000,raw,1781436319.264,anchor_01,-74.000
6.400,3.000,raw,1781436319.377,anchor_04,-59.000
6.400,3.000,raw,1781436319.436,anchor_01,-75.000
6.400,3.000,raw,1781436319.437,anchor_04,-61.000
6.400,3.000,raw,1781436319.437,anchor_04,-60.000
6.400,3.000,raw,1781436319.640,anchor_03,-66.000
6.400,3.000,raw,1781436319.841,anchor_02,-70.000
6.400,3.000,raw,1781436319.850,anchor_03,-67.000
6.400,3.000,raw,1781436319.850,anchor_03,-66.000
6.400,3.000,raw,1781436319.943,anchor_02,-67.000
6.400,3.000,raw,1781436320.346,anchor_01,-81.000
6.400,3.000,raw,1781436320.404,anchor_01,-74.000
6.400,3.000,raw,1781436320.404,anchor_01,-87.000
6.400,3.000,raw,1781436320.552,anchor_04,-60.000
6.400,3.000,raw,1781436320.755,anchor_03,-66.000
6.400,3.000,raw,1781436320.873,anchor_03,-65.000
6.400,3.000,raw,1781436320.899,anchor_02,-66.000
6.400,3.000,raw,1781436320.953,anchor_02,-70.000
6.400,3.000,raw,1781436321.428,anchor_01,-81.000
6.400,3.000,raw,1781436321.480,anchor_04,-59.000
6.400,3.000,raw,1781436321.529,anchor_04,-64.000
6.400,3.000,raw,1781436321.529,anchor_04,-64.000
6.400,3.000,raw,1781436321.804,anchor_03,-66.000
6.400,3.000,raw,1781436321.865,anchor_03,-65.000
6.400,3.000,raw,1781436321.865,anchor_03,-65.000
6.400,3.000,raw,1781436321.985,anchor_02,-69.000
6.400,3.000,raw,1781436322.036,anchor_02,-67.000
6.400,3.000,raw,1781436322.542,anchor_01,-82.000
6.400,3.000,raw,1781436322.599,anchor_04,-61.000
6.400,3.000,raw,1781436322.608,anchor_01,-81.000
6.400,3.000,raw,1781436322.746,anchor_04,-66.000
6.400,3.000,raw,1781436322.746,anchor_04,-68.000
6.400,3.000,raw,1781436322.747,anchor_04,-65.000
6.400,3.000,raw,1781436322.911,anchor_03,-66.000
6.400,3.000,raw,1781436323.020,anchor_03,-67.000
6.400,3.000,raw,1781436323.105,anchor_02,-82.000
6.400,3.000,raw,1781436323.157,anchor_02,-70.000
6.400,3.000,raw,1781436323.674,anchor_04,-59.000
6.400,3.000,raw,1781436323.966,anchor_03,-67.000
6.400,3.000,raw,1781436324.136,anchor_02,-82.000
6.400,3.000,raw,1781436324.244,anchor_02,-71.000
6.400,3.000,raw,1781436324.587,anchor_01,-87.000
6.400,3.000,raw,1781436324.654,anchor_01,-90.000
6.400,3.000,raw,1781436325.011,anchor_03,-67.000
6.400,3.000,raw,1781436325.187,anchor_02,-84.000
6.400,3.000,raw,1781436325.376,anchor_03,-66.000
6.400,3.000,raw,1781436325.773,anchor_04,-68.000
6.400,3.000,raw,1781436325.773,anchor_01,-84.000
6.400,3.000,raw,1781436325.905,anchor_04,-64.000
6.400,3.000,raw,1781436325.905,anchor_04,-60.000
6.400,3.000,raw,1781436326.080,anchor_03,-66.000
6.400,3.000,raw,1781436326.296,anchor_03,-66.000
6.400,3.000,raw,1781436326.842,anchor_04,-68.000
6.400,3.000,raw,1781436327.202,anchor_03,-65.000
6.400,3.000,raw,1781436327.261,anchor_02,-69.000
6.400,3.000,raw,1781436327.442,anchor_03,-66.000
6.400,3.000,raw,1781436327.442,anchor_03,-66.000
6.400,3.000,raw,1781436327.443,anchor_03,-66.000
6.400,3.000,raw,1781436327.627,anchor_02,-72.000
6.400,3.000,raw,1781436327.750,anchor_01,-85.000
6.400,3.000,raw,1781436327.940,anchor_04,-60.000
6.400,3.000,raw,1781436328.142,anchor_04,-69.000
6.400,3.000,raw,1781436328.142,anchor_04,-59.000
6.400,3.000,raw,1781436328.142,anchor_04,-60.000
6.400,3.000,raw,1781436328.310,anchor_03,-65.000
6.400,3.000,raw,1781436328.335,anchor_02,-70.000
6.400,3.000,raw,1781436328.388,anchor_02,-67.000
6.400,3.000,raw,1781436328.562,anchor_03,-66.000
6.400,3.000,raw,1781436328.563,anchor_03,-66.000
6.400,3.000,raw,1781436328.779,anchor_01,-75.000
6.400,3.000,raw,1781436328.884,anchor_01,-74.000
6.400,3.000,raw,1781436329.051,anchor_04,-60.000
6.400,3.000,raw,1781436329.177,anchor_04,-66.000
6.400,3.000,raw,1781436329.360,anchor_03,-65.000
6.400,3.000,raw,1781436329.466,anchor_03,-65.000
6.400,3.000,raw,1781436329.872,anchor_01,-90.000
6.400,3.000,raw,1781436329.989,anchor_01,-82.000
6.400,3.000,raw,1781436329.989,anchor_01,-76.000
6.400,3.000,raw,1781436330.074,anchor_04,-66.000
6.400,3.000,raw,1781436330.188,anchor_04,-66.000
6.400,3.000,raw,1781436330.440,anchor_03,-65.000
6.400,3.000,raw,1781436330.442,anchor_02,-83.000
6.400,3.000,raw,1781436330.588,anchor_02,-71.000
6.400,3.000,raw,1781436330.588,anchor_02,-70.000
6.400,3.000,raw,1781436330.599,anchor_03,-66.000
6.400,3.000,raw,1781436330.599,anchor_03,-65.000
6.400,3.000,raw,1781436330.599,anchor_03,-66.000
6.400,3.000,raw,1781436330.937,anchor_01,-84.000
6.400,3.000,raw,1781436331.144,anchor_04,-68.000
6.400,3.000,raw,1781436331.188,anchor_04,-62.000
6.400,3.000,raw,1781436331.517,anchor_02,-86.000
6.400,3.000,raw,1781436331.542,anchor_03,-67.000
6.400,3.000,raw,1781436331.578,anchor_02,-70.000
6.400,3.000,raw,1781436331.738,anchor_03,-65.000
6.400,3.000,raw,1781436331.738,anchor_03,-66.000
6.400,3.000,raw,1781436332.026,anchor_01,-74.000
6.400,3.000,raw,1781436332.225,anchor_04,-66.000
6.400,3.000,raw,1781436332.242,anchor_01,-88.000
6.400,3.000,raw,1781436332.590,anchor_02,-70.000
6.400,3.000,raw,1781436332.635,anchor_03,-65.000
6.400,3.000,raw,1781436332.644,anchor_02,-70.000
6.400,3.000,raw,1781436332.842,anchor_03,-67.000
